X_0,Y_0,X_1,Y_1,X_2,Y_2,X_3,Y_3,X_4,Y_4
127,301,127,301,127,301,127,301,127,301
69,300,69,300,69,300,69,300,69,300
76,123,76,123,76,123,76,123,76,123
70,301,70,302,70,301,70,301,70,301
2,105,2,48,2,105,2,105,2,105
1,105,1,125,1,105,1,105,1,302
1,61,1,0,1,61,1,61,1,48
0,50,0,0,0,52,0,55,0,125
3,45,3,0,3,42,3,47,3,0
0,52,0,0,0,48,0,54,0,0
62,105,62,0,62,105,62,302,62,0
0,61,0,0,0,61,0,105,0,0
1,49,1,0,1,57,1,125,1,0
0,47,0,0,0,42,0,0,0,0
32,55,32,0,32,52,32,0,32,0
16,302,16,0,16,302,16,0,16,0
0,105,0,0,0,105,0,0,0,0
64,125,64,0,64,125,64,0,64,0
0,0,0,0,0,0,0,0,0,0
120,0,120,0,120,0,120,0,120,0
52,0,52,0,52,0,52,0,52,0
0,0,0,0,0,0,0,0,0,0
64,0,64,0,64,0,64,0,64,0
0,0,0,0,0,0,0,0,0,0
56,0,56,0,56,0,56,0,56,0
0,0,0,0,0,0,0,0,0,0
13,0,13,0,13,0,13,0,13,0
0,0,0,0,0,0,0,0,0,0
64,0,64,0,64,0,64,0,64,0
0,0,0,0,0,0,0,0,0,0
28,0,28,0,28,0,28,0,28,0
0,0,0,0,0,0,0,0,0,0
27,0,27,0,27,0,27,0,27,0
0,0,0,0,0,0,0,0,0,0
6,0,6,0,6,0,6,0,6,0
0,0,0,0,0,0,0,0,0,0
4,0,4,0,4,0,4,0,4,0
0,0,0,0,0,0,0,0,0,0
64,0,64,0,64,0,64,0,64,0
0,0,0,0,0,0,0,0,0,0
64,0,64,0,64,0,64,0,64,0
0,0,0,0,0,0,0,0,0,0
64,0,64,0,64,0,64,0,64,0
0,0,0,0,0,0,0,0,0,0
216,0,216,0,216,0,216,0,216,0
2,0,2,0,2,0,2,0,2,0
0,0,0,0,0,0,0,0,0,0
216,0,216,0,216,0,216,0,216,0
2,0,2,0,2,0,2,0,2,0
0,0,0,0,0,0,0,0,0,0
8,0,8,0,8,0,8,0,8,0
0,0,0,0,0,0,0,0,0,0
3,0,3,0,3,0,3,0,3,0
0,0,0,0,0,0,0,0,0,0
4,0,4,0,4,0,4,0,4,0
0,0,0,0,0,0,0,0,0,0
24,0,24,0,24,0,24,0,24,0
3,0,3,0,3,0,3,0,3,0
0,0,0,0,0,0,0,0,0,0
24,0,24,0,24,0,24,0,24,0
3,0,3,0,3,0,3,0,3,0
0,0,0,0,0,0,0,0,0,0
24,0,24,0,24,0,24,0,24,0
3,0,3,0,3,0,3,0,3,0
0,0,0,0,0,0,0,0,0,0
28,0,28,0,28,0,28,0,28,0
0,0,0,0,0,0,0,0,0,0
28,0,28,0,28,0,28,0,28,0
0,0,0,0,0,0,0,0,0,0
1,0,1,0,1,0,1,0,1,0
0,0,0,0,0,0,0,0,0,0
1,0,1,0,1,0,1,0,1,0
0,0,0,0,0,0,0,0,0,0
4,0,4,0,4,0,4,0,4,0
0,0,0,0,0,0,0,0,0,0
248,0,248,0,248,0,248,0,248,0
5,0,5,0,5,0,5,0,5,0
0,0,0,0,0,0,0,0,0,0
248,0,248,0,248,0,248,0,248,0
5,0,5,0,5,0,5,0,5,0
0,0,0,0,0,0,0,0,0,0
16,0,16,0,16,0,16,0,16,0
0,0,0,0,0,0,0,0,0,0
1,0,1,0,1,0,1,0,1,0
0,0,0,0,0,0,0,0,0,0
5,0,5,0,5,0,5,0,5,0
0,0,0,0,0,0,0,0,0,0
16,0,16,0,16,0,16,0,16,0
0,0,0,0,0,0,0,0,0,0
16,0,16,0,16,0,16,0,16,0
0,0,0,0,0,0,0,0,0,0
16,0,16,0,16,0,16,0,16,0
0,0,0,0,0,0,0,0,0,0
61,0,49,0,61,0,57,0,49,0
1,0,1,0,1,0,1,0,1,0
0,0,0,0,0,0,0,0,0,0
61,0,49,0,61,0,57,0,49,0
1,0,1,0,1,0,1,0,1,0
0,0,0,0,0,0,0,0,0,0
16,0,16,0,16,0,16,0,16,0
0,0,0,0,0,0,0,0,0,0
1,0,1,0,1,0,1,0,1,0
0,0,0,0,0,0,0,0,0,0
4,0,4,0,4,0,4,0,4,0
0,0,0,0,0,0,0,0,0,0
32,0,32,0,32,0,32,0,32,0
0,0,0,0,0,0,0,0,0,0
32,0,32,0,32,0,32,0,32,0
0,0,0,0,0,0,0,0,0,0
32,0,32,0,32,0,32,0,32,0
0,0,0,0,0,0,0,0,0,0
116,0,116,0,116,0,116,0,116,0
0,0,0,0,0,0,0,0,0,0
116,0,116,0,116,0,116,0,116,0
0,0,0,0,0,0,0,0,0,0
16,0,16,0,16,0,16,0,16,0
0,0,0,0,0,0,0,0,0,0
1,0,1,0,1,0,1,0,1,0
0,0,0,0,0,0,0,0,0,0
6,0,6,0,6,0,6,0,6,0
0,0,0,0,0,0,0,0,0,0
16,0,16,0,16,0,16,0,16,0
46,0,46,0,46,0,46,0,46,0
0,0,0,0,0,0,0,0,0,0
16,0,16,0,16,0,16,0,16,0
62,0,62,0,62,0,62,0,62,0
0,0,0,0,0,0,0,0,0,0
16,0,16,0,16,0,16,0,16,0
62,0,62,0,62,0,62,0,62,0
0,0,0,0,0,0,0,0,0,0
2,0,2,0,2,0,2,0,2,0
0,0,0,0,0,0,0,0,0,0
8,0,8,0,8,0,8,0,8,0
2,0,2,0,2,0,2,0,2,0
0,0,0,0,0,0,0,0,0,0
16,0,16,0,16,0,16,0,16,0
0,0,0,0,0,0,0,0,0,0
2,0,2,0,2,0,2,0,2,0
0,0,0,0,0,0,0,0,0,0
6,0,6,0,6,0,6,0,6,0
0,0,0,0,0,0,0,0,0,0
32,0,32,0,32,0,32,0,32,0
46,0,46,0,46,0,46,0,46,0
0,0,0,0,0,0,0,0,0,0
32,0,32,0,32,0,32,0,32,0
62,0,62,0,62,0,62,0,62,0
0,0,0,0,0,0,0,0,0,0
32,0,32,0,32,0,32,0,32,0
62,0,62,0,62,0,62,0,62,0
0,0,0,0,0,0,0,0,0,0
160,0,160,0,160,0,160,0,160,0
1,0,1,0,1,0,1,0,1,0
0,0,0,0,0,0,0,0,0,0
160,0,160,0,160,0,160,0,160,0
1,0,1,0,1,0,1,0,1,0
0,0,0,0,0,0,0,0,0,0
8,0,8,0,8,0,8,0,8,0
0,0,0,0,0,0,0,0,0,0
4,0,4,0,4,0,4,0,4,0
0,0,0,0,0,0,0,0,0,0
4,0,4,0,4,0,4,0,4,0
0,0,0,0,0,0,0,0,0,0
56,0,56,0,56,0,56,0,56,0
3,0,3,0,3,0,3,0,3,0
0,0,0,0,0,0,0,0,0,0
56,0,56,0,56,0,56,0,56,0
3,0,3,0,3,0,3,0,3,0
0,0,0,0,0,0,0,0,0,0
56,0,56,0,56,0,56,0,56,0
3,0,3,0,3,0,3,0,3,0
0,0,0,0,0,0,0,0,0,0
64,0,64,0,64,0,64,0,64,0
0,0,0,0,0,0,0,0,0,0
64,0,64,0,64,0,64,0,64,0
0,0,0,0,0,0,0,0,0,0
8,0,8,0,8,0,8,0,8,0
0,0,0,0,0,0,0,0,0,0
4,0,4,0,4,0,4,0,4,0
0,0,0,0,0,0,0,0,0,0
4,0,4,0,4,0,4,0,4,0
0,0,0,0,0,0,0,0,0,0
120,0,120,0,120,0,120,0,120,0
3,0,3,0,3,0,3,0,3,0
0,0,0,0,0,0,0,0,0,0
120,0,120,0,120,0,120,0,120,0
3,0,3,0,3,0,3,0,3,0
0,0,0,0,0,0,0,0,0,0
120,0,120,0,120,0,120,0,120,0
3,0,3,0,3,0,3,0,3,0
0,0,0,0,0,0,0,0,0,0
68,0,68,0,68,0,68,0,68,0
0,0,0,0,0,0,0,0,0,0
68,0,68,0,68,0,68,0,68,0
0,0,0,0,0,0,0,0,0,0
4,0,4,0,4,0,4,0,4,0
0,0,0,0,0,0,0,0,0,0
83,0,83,0,83,0,83,0,83,0
229,0,229,0,229,0,229,0,229,0
116,0,116,0,116,0,116,0,116,0
100,0,100,0,100,0,100,0,100,0
4,0,4,0,4,0,4,0,4,0
0,0,0,0,0,0,0,0,0,0
56,0,56,0,56,0,56,0,56,0
3,0,3,0,3,0,3,0,3,0
0,0,0,0,0,0,0,0,0,0
56,0,56,0,56,0,56,0,56,0
3,0,3,0,3,0,3,0,3,0
0,0,0,0,0,0,0,0,0,0
56,0,56,0,56,0,56,0,56,0
3,0,3,0,3,0,3,0,3,0
0,0,0,0,0,0,0,0,0,0
64,0,64,0,64,0,64,0,64,0
0,0,0,0,0,0,0,0,0,0
64,0,64,0,64,0,64,0,64,0
0,0,0,0,0,0,0,0,0,0
8,0,8,0,8,0,8,0,8,0
0,0,0,0,0,0,0,0,0,0
80,0,80,0,80,0,80,0,80,0
229,0,229,0,229,0,229,0,229,0
116,0,116,0,116,0,116,0,116,0
100,0,100,0,100,0,100,0,100,0
4,0,4,0,4,0,4,0,4,0
0,0,0,0,0,0,0,0,0,0
4,0,4,0,4,0,4,0,4,0
32,0,32,0,32,0,32,0,32,0
0,0,0,0,0,0,0,0,0,0
4,0,4,0,4,0,4,0,4,0
32,0,32,0,32,0,32,0,32,0
0,0,0,0,0,0,0,0,0,0
4,0,4,0,4,0,4,0,4,0
32,0,32,0,32,0,32,0,32,0
0,0,0,0,0,0,0,0,0,0
28,0,28,0,28,0,28,0,28,0
0,0,0,0,0,0,0,0,0,0
28,0,28,0,28,0,28,0,28,0
0,0,0,0,0,0,0,0,0,0
4,0,4,0,4,0,4,0,4,0
0,0,0,0,0,0,0,0,0,0
81,0,81,0,81,0,81,0,81,0
229,0,229,0,229,0,229,0,229,0
116,0,116,0,116,0,116,0,116,0
100,0,100,0,100,0,100,0,100,0
6,0,6,0,6,0,6,0,6,0
0,0,0,0,0,0,0,0,0,0
16,0,16,0,16,0,16,0,16,0
0,0,0,0,0,0,0,0,0,0
82,0,82,0,82,0,82,0,82,0
229,0,229,0,229,0,229,0,229,0
116,0,116,0,116,0,116,0,116,0
100,0,100,0,100,0,100,0,100,0
4,0,4,0,4,0,4,0,4,0
0,0,0,0,0,0,0,0,0,0
16,0,16,0,16,0,16,0,16,0
46,0,46,0,46,0,46,0,46,0
0,0,0,0,0,0,0,0,0,0
16,0,16,0,16,0,16,0,16,0
62,0,62,0,62,0,62,0,62,0
0,0,0,0,0,0,0,0,0,0
16,0,16,0,16,0,16,0,16,0
62,0,62,0,62,0,62,0,62,0
0,0,0,0,0,0,0,0,0,0
240,0,240,0,240,0,240,0,240,0
1,0,1,0,1,0,1,0,1,0
0,0,0,0,0,0,0,0,0,0
240,0,240,0,240,0,240,0,240,0
1,0,1,0,1,0,1,0,1,0
0,0,0,0,0,0,0,0,0,0
1,0,1,0,1,0,1,0,1,0
0,0,0,0,0,0,0,0,0,0
47,0,47,0,47,0,47,0,47,0
108,0,108,0,108,0,108,0,108,0
105,0,105,0,105,0,105,0,105,0
98,0,98,0,98,0,98,0,98,0
54,0,54,0,54,0,54,0,54,0
52,0,52,0,52,0,52,0,52,0
47,0,47,0,47,0,47,0,47,0
108,0,108,0,108,0,108,0,108,0
100,0,100,0,100,0,100,0,100,0
45,0,45,0,45,0,45,0,45,0
108,0,108,0,108,0,108,0,108,0
105,0,105,0,105,0,105,0,105,0
110,0,110,0,110,0,110,0,110,0
117,0,117,0,117,0,117,0,117,0
120,0,120,0,120,0,120,0,120,0
45,0,45,0,45,0,45,0,45,0
120,0,120,0,120,0,120,0,120,0
56,0,56,0,56,0,56,0,56,0
54,0,54,0,54,0,54,0,54,0
45,0,45,0,45,0,45,0,45,0
54,0,54,0,54,0,54,0,54,0
52,0,52,0,52,0,52,0,52,0
46,0,46,0,46,0,46,0,46,0
115,0,115,0,115,0,115,0,115,0
111,0,111,0,111,0,111,0,111,0
46,0,46,0,46,0,46,0,46,0
50,0,50,0,50,0,50,0,50,0
0,0,0,0,0,0,0,0,0,0
4,0,4,0,4,0,4,0,4,0
0,0,0,0,0,0,0,0,0,0
48,0,48,0,48,0,48,0,48,0
0,0,0,0,0,0,0,0,0,0
5,0,5,0,5,0,5,0,5,0
0,0,0,0,0,0,0,0,0,0
71,0,71,0,71,0,71,0,71,0
78,0,78,0,78,0,78,0,78,0
85,0,85,0,85,0,85,0,85,0
0,0,0,0,0,0,0,0,0,0
2,0,2,0,2,0,2,0,2,0
128,0,128,0,128,0,128,0,128,0
0,0,0,0,0,0,0,0,0,0
192,0,192,0,192,0,192,0,192,0
4,0,4,0,4,0,4,0,4,0
0,0,0,0,0,0,0,0,0,0
1,0,1,0,1,0,1,0,1,0
0,0,0,0,0,0,0,0,0,0
1,0,1,0,1,0,1,0,1,0
0,0,0,0,0,0,0,0,0,0
1,0,1,0,1,0,1,0,1,0
192,0,192,0,192,0,192,0,192,0
4,0,4,0,4,0,4,0,4,0
0,0,0,0,0,0,0,0,0,0
1,0,1,0,1,0,1,0,1,0
0,0,0,0,0,0,0,0,0,0
2,0,2,0,2,0,2,0,2,0
0,0,0,0,0,0,0,0,0,0
1,0,1,0,1,0,1,0,1,0
192,0,192,0,192,0,192,0,192,0
4,0,4,0,4,0,4,0,4,0
0,0,0,0,0,0,0,0,0,0
4,0,4,0,4,0,4,0,4,0
0,0,0,0,0,0,0,0,0,0
20,0,20,0,20,0,20,0,20,0
0,0,0,0,0,0,0,0,0,0
3,0,3,0,3,0,3,0,3,0
0,0,0,0,0,0,0,0,0,0
71,0,71,0,71,0,71,0,71,0
78,0,78,0,78,0,78,0,78,0
85,0,85,0,85,0,85,0,85,0
0,0,0,0,0,0,0,0,0,0
50,0,141,0,8,0,21,0,141,0
1,0,222,0,131,0,100,0,222,0
232,0,179,0,104,0,113,0,179,0
42,0,52,0,11,0,5,0,52,0
155,0,60,0,223,0,95,0,60,0
8,0,98,0,39,0,205,0,98,0
194,0,183,0,176,0,56,0,183,0
237,0,12,0,112,0,198,0,12,0
147,0,91,0,69,0,236,0,91,0
245,0,21,0,189,0,10,0,21,0
26,0,133,0,88,0,47,0,133,0
4,0,77,0,88,0,232,0,77,0
14,0,95,0,106,0,9,0,95,0
222,0,191,0,185,0,20,0,191,0
228,0,221,0,28,0,217,0,221,0
194,0,234,0,101,0,101,0,234,0
146,0,208,0,41,0,54,0,208,0
100,0,58,0,133,0,214,0,58,0
129,0,247,0,101,0,216,0,247,0
220,0,12,0,253,0,148,0,12,0
4,0,4,0,4,0,4,0,4,0
0,0,0,0,0,0,0,0,0,0
16,0,16,0,16,0,16,0,16,0
0,0,0,0,0,0,0,0,0,0
1,0,1,0,1,0,1,0,1,0
0,0,0,0,0,0,0,0,0,0
71,0,71,0,71,0,71,0,71,0
78,0,78,0,78,0,78,0,78,0
85,0,85,0,85,0,85,0,85,0
0,0,0,0,0,0,0,0,0,0
4,0,4,0,4,0,4,0,4,0
0,0,0,0,0,0,0,0,0,0
4,0,4,0,4,0,4,0,4,0
0,0,0,0,0,0,0,0,0,0
1,0,1,0,1,0,1,0,1,0
0,0,0,0,0,0,0,0,0,0
1,0,1,0,1,0,1,0,1,0
0,0,0,0,0,0,0,0,0,0
1,0,1,0,1,0,1,0,1,0
0,0,0,0,0,0,0,0,0,0
1,0,1,0,1,0,1,0,1,0
0,0,0,0,0,0,0,0,0,0
18,0,18,0,18,0,18,0,18,0
0,0,0,0,0,0,0,0,0,0
67,0,67,0,67,0,67,0,67,0
0,0,0,0,0,0,0,0,0,0
32,0,32,0,32,0,32,0,32,0
0,0,0,0,0,0,0,0,0,0
95,0,95,0,95,0,95,0,95,0
0,0,0,0,0,0,0,0,0,0
32,0,32,0,32,0,32,0,32,0
0,0,0,0,0,0,0,0,0,0
110,0,110,0,110,0,110,0,110,0
0,0,0,0,0,0,0,0,0,0
32,0,32,0,32,0,32,0,32,0
0,0,0,0,0,0,0,0,0,0
19,0,19,0,19,0,19,0,19,0
0,0,0,0,0,0,0,0,0,0
34,0,34,0,34,0,34,0,34,0
0,0,0,0,0,0,0,0,0,0
95,0,95,0,95,0,95,0,95,0
95,0,95,0,95,0,95,0,95,0
108,0,108,0,108,0,108,0,108,0
105,0,105,0,105,0,105,0,105,0
98,0,98,0,98,0,98,0,98,0
99,0,99,0,99,0,99,0,99,0
95,0,95,0,95,0,95,0,95,0
115,0,115,0,115,0,115,0,115,0
116,0,116,0,116,0,116,0,116,0
97,0,97,0,97,0,97,0,97,0
114,0,114,0,114,0,114,0,114,0
116,0,116,0,116,0,116,0,116,0
95,0,95,0,95,0,95,0,95,0
109,0,109,0,109,0,109,0,109,0
97,0,97,0,97,0,97,0,97,0
105,0,105,0,105,0,105,0,105,0
110,0,110,0,110,0,110,0,110,0
0,0,0,0,0,0,0,0,0,0
95,0,95,0,95,0,95,0,95,0
95,0,95,0,95,0,95,0,95,0
99,0,99,0,99,0,99,0,99,0
120,0,120,0,120,0,120,0,120,0
97,0,97,0,97,0,97,0,97,0
95,0,95,0,95,0,95,0,95,0
102,0,102,0,102,0,102,0,102,0
105,0,105,0,105,0,105,0,105,0
110,0,110,0,110,0,110,0,110,0
97,0,97,0,97,0,97,0,97,0
108,0,108,0,108,0,108,0,108,0
105,0,105,0,105,0,105,0,105,0
122,0,122,0,122,0,122,0,122,0
101,0,101,0,101,0,101,0,101,0
0,0,0,0,0,0,0,0,0,0
108,0,108,0,108,0,108,0,108,0
105,0,105,0,105,0,105,0,105,0
98,0,98,0,98,0,98,0,98,0
99,0,99,0,99,0,99,0,99,0
46,0,46,0,46,0,46,0,46,0
115,0,115,0,115,0,115,0,115,0
111,0,111,0,111,0,111,0,111,0
46,0,46,0,46,0,46,0,46,0
54,0,54,0,54,0,54,0,54,0
0,0,0,0,0,0,0,0,0,0
71,0,71,0,71,0,71,0,71,0
76,0,76,0,76,0,76,0,76,0
73,0,73,0,73,0,73,0,73,0
66,0,66,0,66,0,66,0,66,0
67,0,67,0,67,0,67,0,67,0
95,0,95,0,95,0,95,0,95,0
50,0,50,0,50,0,50,0,50,0
46,0,46,0,46,0,46,0,46,0
50,0,50,0,50,0,50,0,50,0
46,0,46,0,46,0,46,0,46,0
53,0,53,0,53,0,53,0,53,0
0,0,0,0,0,0,0,0,0,0
71,0,71,0,71,0,71,0,71,0
76,0,76,0,76,0,76,0,76,0
73,0,73,0,73,0,73,0,73,0
66,0,66,0,66,0,66,0,66,0
67,0,67,0,67,0,67,0,67,0
95,0,95,0,95,0,95,0,95,0
50,0,50,0,50,0,50,0,50,0
46,0,46,0,46,0,46,0,46,0
51,0,51,0,51,0,51,0,51,0
52,0,52,0,52,0,52,0,52,0
0,0,0,0,0,0,0,0,0,0
95,0,95,0,95,0,95,0,95,0
73,0,73,0,73,0,73,0,73,0
84,0,84,0,84,0,84,0,84,0
77,0,77,0,77,0,77,0,77,0
95,0,95,0,95,0,95,0,95,0
100,0,100,0,100,0,100,0,100,0
101,0,101,0,101,0,101,0,101,0
114,0,114,0,114,0,114,0,114,0
101,0,101,0,101,0,101,0,101,0
103,0,103,0,103,0,103,0,103,0
105,0,105,0,105,0,105,0,105,0
115,0,115,0,115,0,115,0,115,0
116,0,116,0,116,0,116,0,116,0
101,0,101,0,101,0,101,0,101,0
114,0,114,0,114,0,114,0,114,0
84,0,84,0,84,0,84,0,84,0
77,0,77,0,77,0,77,0,77,0
67,0,67,0,67,0,67,0,67,0
108,0,108,0,108,0,108,0,108,0
111,0,111,0,111,0,111,0,111,0
110,0,110,0,110,0,110,0,110,0
101,0,101,0,101,0,101,0,101,0
84,0,84,0,84,0,84,0,84,0
97,0,97,0,97,0,97,0,97,0
98,0,98,0,98,0,98,0,98,0
108,0,108,0,108,0,108,0,108,0
101,0,101,0,101,0,101,0,101,0
0,0,0,0,0,0,0,0,0,0
95,0,95,0,95,0,95,0,95,0
95,0,95,0,95,0,95,0,95,0
103,0,103,0,103,0,103,0,103,0
109,0,109,0,109,0,109,0,109,0
111,0,111,0,111,0,111,0,111,0
110,0,110,0,110,0,110,0,110,0
95,0,95,0,95,0,95,0,95,0
115,0,115,0,115,0,115,0,115,0
116,0,116,0,116,0,116,0,116,0
97,0,97,0,97,0,97,0,97,0
114,0,114,0,114,0,114,0,114,0
116,0,116,0,116,0,116,0,116,0
95,0,95,0,95,0,95,0,95,0
95,0,95,0,95,0,95,0,95,0
0,0,0,0,0,0,0,0,0,0
95,0,95,0,95,0,95,0,95,0
73,0,73,0,73,0,73,0,73,0
84,0,84,0,84,0,84,0,84,0
77,0,77,0,77,0,77,0,77,0
95,0,95,0,95,0,95,0,95,0
114,0,114,0,114,0,114,0,114,0
101,0,101,0,101,0,101,0,101,0
103,0,103,0,103,0,103,0,103,0
105,0,105,0,105,0,105,0,105,0
115,0,115,0,115,0,115,0,115,0
116,0,116,0,116,0,116,0,116,0
101,0,101,0,101,0,101,0,101,0
114,0,114,0,114,0,114,0,114,0
84,0,84,0,84,0,84,0,84,0
77,0,77,0,77,0,77,0,77,0
67,0,67,0,67,0,67,0,67,0
108,0,108,0,108,0,108,0,108,0
111,0,111,0,111,0,111,0,111,0
110,0,110,0,110,0,110,0,110,0
101,0,101,0,101,0,101,0,101,0
84,0,84,0,84,0,84,0,84,0
97,0,97,0,97,0,97,0,97,0
98,0,98,0,98,0,98,0,98,0
108,0,108,0,108,0,108,0,108,0
101,0,101,0,101,0,101,0,101,0
0,0,0,0,0,0,0,0,0,0
2,0,2,0,2,0,2,0,2,0
0,0,0,0,0,0,0,0,0,0
1,0,1,0,1,0,1,0,1,0
0,0,0,0,0,0,0,0,0,0
1,0,1,0,1,0,1,0,1,0
0,0,0,0,0,0,0,0,0,0
1,0,1,0,1,0,1,0,1,0
0,0,0,0,0,0,0,0,0,0
3,0,3,0,3,0,3,0,3,0
0,0,0,0,0,0,0,0,0,0
1,0,1,0,1,0,1,0,1,0
0,0,0,0,0,0,0,0,0,0
2,0,2,0,2,0,2,0,2,0
0,0,0,0,0,0,0,0,0,0
34,0,34,0,34,0,34,0,34,0
0,0,0,0,0,0,0,0,0,0
16,0,16,0,16,0,16,0,16,0
0,0,0,0,0,0,0,0,0,0
117,0,117,0,117,0,117,0,117,0
26,0,26,0,26,0,26,0,26,0
105,0,105,0,105,0,105,0,105,0
9,0,9,0,9,0,9,0,9,0
0,0,0,0,0,0,0,0,0,0
3,0,3,0,3,0,3,0,3,0
0,0,0,0,0,0,0,0,0,0
44,0,44,0,44,0,44,0,44,0
0,0,0,0,0,0,0,0,0,0
16,0,16,0,16,0,16,0,16,0
0,0,0,0,0,0,0,0,0,0
180,0,180,0,180,0,180,0,180,0
145,0,145,0,145,0,145,0,145,0
150,0,150,0,150,0,150,0,150,0
6,0,6,0,6,0,6,0,6,0
0,0,0,0,0,0,0,0,0,0
2,0,2,0,2,0,2,0,2,0
0,0,0,0,0,0,0,0,0,0
56,0,56,0,56,0,56,0,56,0
0,0,0,0,0,0,0,0,0,0
16,0,16,0,16,0,16,0,16,0
62,0,62,0,62,0,62,0,62,0
0,0,0,0,0,0,0,0,0,0
8,0,8,0,8,0,8,0,8,0
0,0,0,0,0,0,0,0,0,0
16,0,16,0,16,0,16,0,16,0
17,0,17,0,17,0,17,0,17,0
0,0,0,0,0,0,0,0,0,0
24,0,24,0,24,0,24,0,24,0
62,0,62,0,62,0,62,0,62,0
0,0,0,0,0,0,0,0,0,0
8,0,8,0,8,0,8,0,8,0
0,0,0,0,0,0,0,0,0,0
192,0,192,0,192,0,192,0,192,0
16,0,16,0,16,0,16,0,16,0
0,0,0,0,0,0,0,0,0,0
8,0,8,0,8,0,8,0,8,0
64,0,64,0,64,0,64,0,64,0
0,0,0,0,0,0,0,0,0,0
8,0,8,0,8,0,8,0,8,0
0,0,0,0,0,0,0,0,0,0
8,0,8,0,8,0,8,0,8,0
64,0,64,0,64,0,64,0,64,0
0,0,0,0,0,0,0,0,0,0
192,0,192,0,192,0,192,0,192,0
63,0,63,0,63,0,63,0,63,0
0,0,0,0,0,0,0,0,0,0
6,0,6,0,6,0,6,0,6,0
0,0,0,0,0,0,0,0,0,0
1,0,1,0,1,0,1,0,1,0
0,0,0,0,0,0,0,0,0,0
200,0,200,0,200,0,200,0,200,0
63,0,63,0,63,0,63,0,63,0
0,0,0,0,0,0,0,0,0,0
6,0,6,0,6,0,6,0,6,0
0,0,0,0,0,0,0,0,0,0
2,0,2,0,2,0,2,0,2,0
0,0,0,0,0,0,0,0,0,0
208,0,208,0,208,0,208,0,208,0
63,0,63,0,63,0,63,0,63,0
0,0,0,0,0,0,0,0,0,0
6,0,6,0,6,0,6,0,6,0
0,0,0,0,0,0,0,0,0,0
3,0,3,0,3,0,3,0,3,0
0,0,0,0,0,0,0,0,0,0
216,0,216,0,216,0,216,0,216,0
63,0,63,0,63,0,63,0,63,0
0,0,0,0,0,0,0,0,0,0
6,0,6,0,6,0,6,0,6,0
0,0,0,0,0,0,0,0,0,0
4,0,4,0,4,0,4,0,4,0
0,0,0,0,0,0,0,0,0,0
224,0,224,0,224,0,224,0,224,0
63,0,63,0,63,0,63,0,63,0
0,0,0,0,0,0,0,0,0,0
6,0,6,0,6,0,6,0,6,0
0,0,0,0,0,0,0,0,0,0
5,0,5,0,5,0,5,0,5,0
0,0,0,0,0,0,0,0,0,0
243,0,243,0,243,0,243,0,243,0
15,0,15,0,15,0,15,0,15,0
30,0,30,0,30,0,30,0,30,0
250,0,250,0,250,0,250,0,250,0
72,0,72,0,72,0,72,0,72,0
131,0,131,0,131,0,131,0,131,0
236,0,236,0,236,0,236,0,236,0
8,0,8,0,8,0,8,0,8,0
72,0,72,0,72,0,72,0,72,0
139,0,139,0,139,0,139,0,139,0
5,0,5,0,5,0,5,0,5,0
193,0,193,0,193,0,193,0,193,0
47,0,47,0,47,0,47,0,47,0
0,0,0,0,0,0,0,0,0,0
72,0,72,0,72,0,72,0,72,0
133,0,133,0,133,0,133,0,133,0
192,0,192,0,192,0,192,0,192,0
116,0,116,0,116,0,116,0,116,0
2,0,2,0,2,0,2,0,2,0
255,0,255,0,255,0,255,0,255,0
208,0,208,0,208,0,208,0,208,0
72,0,72,0,72,0,72,0,72,0
131,0,131,0,131,0,131,0,131,0
196,0,196,0,196,0,196,0,196,0
8,0,8,0,8,0,8,0,8,0
195,0,195,0,195,0,195,0,195,0
0,0,0,0,0,0,0,0,0,0
243,0,243,0,243,0,243,0,243,0
15,0,15,0,15,0,15,0,15,0
30,0,30,0,30,0,30,0,30,0
250,0,250,0,250,0,250,0,250,0
49,0,49,0,49,0,49,0,49,0
237,0,237,0,237,0,237,0,237,0
73,0,73,0,73,0,73,0,73,0
137,0,137,0,137,0,137,0,137,0
209,0,209,0,209,0,209,0,209,0
94,0,94,0,94,0,94,0,94,0
72,0,72,0,72,0,72,0,72,0
137,0,137,0,137,0,137,0,137,0
226,0,226,0,226,0,226,0,226,0
72,0,72,0,72,0,72,0,72,0
131,0,131,0,131,0,131,0,131,0
228,0,228,0,228,0,228,0,228,0
240,0,240,0,240,0,240,0,240,0
80,0,80,0,80,0,80,0,80,0
84,0,84,0,84,0,84,0,84,0
69,0,69,0,69,0,69,0,69,0
49,0,49,0,49,0,49,0,49,0
192,0,192,0,192,0,192,0,192,0
49,0,49,0,49,0,49,0,49,0
201,0,201,0,201,0,201,0,201,0
72,0,72,0,72,0,72,0,72,0
141,0,141,0,141,0,141,0,141,0
61,0,61,0,61,0,61,0,61,0
218,0,218,0,218,0,218,0,218,0
0,0,0,0,0,0,0,0,0,0
255,0,255,0,255,0,255,0,255,0
21,0,21,0,21,0,21,0,21,0
123,0,123,0,123,0,123,0,123,0
47,0,47,0,47,0,47,0,47,0
0,0,0,0,0,0,0,0,0,0
244,0,244,0,244,0,244,0,244,0
102,0,102,0,102,0,102,0,102,0
46,0,46,0,46,0,46,0,46,0
15,0,15,0,15,0,15,0,15,0
31,0,31,0,31,0,31,0,31,0
132,0,132,0,132,0,132,0,132,0
0,0,0,0,0,0,0,0,0,0
72,0,72,0,72,0,72,0,72,0
141,0,141,0,141,0,141,0,141,0
61,0,61,0,61,0,61,0,61,0
185,0,185,0,185,0,185,0,185,0
47,0,47,0,47,0,47,0,47,0
0,0,0,0,0,0,0,0,0,0
72,0,72,0,72,0,72,0,72,0
141,0,141,0,141,0,141,0,141,0
5,0,5,0,5,0,5,0,5,0
178,0,178,0,178,0,178,0,178,0
47,0,47,0,47,0,47,0,47,0
0,0,0,0,0,0,0,0,0,0
72,0,72,0,72,0,72,0,72,0
57,0,57,0,57,0,57,0,57,0
248,0,248,0,248,0,248,0,248,0
116,0,116,0,116,0,116,0,116,0
21,0,21,0,21,0,21,0,21,0
72,0,72,0,72,0,72,0,72,0
139,0,139,0,139,0,139,0,139,0
5,0,5,0,5,0,5,0,5,0
94,0,94,0,94,0,94,0,94,0
47,0,47,0,47,0,47,0,47,0
0,0,0,0,0,0,0,0,0,0
72,0,72,0,72,0,72,0,72,0
133,0,133,0,133,0,133,0,133,0
192,0,192,0,192,0,192,0,192,0
116,0,116,0,116,0,116,0,116,0
9,0,9,0,9,0,9,0,9,0
255,0,255,0,255,0,255,0,255,0
224,0,224,0,224,0,224,0,224,0
15,0,15,0,15,0,15,0,15,0
31,0,31,0,31,0,31,0,31,0
128,0,128,0,128,0,128,0,128,0
0,0,0,0,0,0,0,0,0,0
195,0,195,0,195,0,195,0,195,0
15,0,15,0,15,0,15,0,15,0
31,0,31,0,31,0,31,0,31,0
128,0,128,0,128,0,128,0,128,0
0,0,0,0,0,0,0,0,0,0
72,0,72,0,72,0,72,0,72,0
141,0,141,0,141,0,141,0,141,0
61,0,61,0,61,0,61,0,61,0
137,0,137,0,137,0,137,0,137,0
47,0,47,0,47,0,47,0,47,0
0,0,0,0,0,0,0,0,0,0
72,0,72,0,72,0,72,0,72,0
141,0,141,0,141,0,141,0,141,0
53,0,53,0,53,0,53,0,53,0
130,0,130,0,130,0,130,0,130,0
47,0,47,0,47,0,47,0,47,0
0,0,0,0,0,0,0,0,0,0
72,0,72,0,72,0,72,0,72,0
41,0,41,0,41,0,41,0,41,0
254,0,254,0,254,0,254,0,254,0
72,0,72,0,72,0,72,0,72,0
137,0,137,0,137,0,137,0,137,0
240,0,240,0,240,0,240,0,240,0
72,0,72,0,72,0,72,0,72,0
193,0,193,0,193,0,193,0,193,0
238,0,238,0,238,0,238,0,238,0
63,0,63,0,63,0,63,0,63,0
72,0,72,0,72,0,72,0,72,0
193,0,193,0,193,0,193,0,193,0
248,0,248,0,248,0,248,0,248,0
3,0,3,0,3,0,3,0,3,0
72,0,72,0,72,0,72,0,72,0
1,0,1,0,1,0,1,0,1,0
198,0,198,0,198,0,198,0,198,0
72,0,72,0,72,0,72,0,72,0
209,0,209,0,209,0,209,0,209,0
254,0,254,0,254,0,254,0,254,0
116,0,116,0,116,0,116,0,116,0
20,0,20,0,20,0,20,0,20,0
72,0,72,0,72,0,72,0,72,0
139,0,139,0,139,0,139,0,139,0
5,0,5,0,5,0,5,0,5,0
45,0,45,0,45,0,45,0,45,0
47,0,47,0,47,0,47,0,47,0
0,0,0,0,0,0,0,0,0,0
72,0,72,0,72,0,72,0,72,0
133,0,133,0,133,0,133,0,133,0
192,0,192,0,192,0,192,0,192,0
116,0,116,0,116,0,116,0,116,0
8,0,8,0,8,0,8,0,8,0
255,0,255,0,255,0,255,0,255,0
224,0,224,0,224,0,224,0,224,0
102,0,102,0,102,0,102,0,102,0
15,0,15,0,15,0,15,0,15,0
31,0,31,0,31,0,31,0,31,0
68,0,68,0,68,0,68,0,68,0
0,0,0,0,0,0,0,0,0,0
195,0,195,0,195,0,195,0,195,0
15,0,15,0,15,0,15,0,15,0
31,0,31,0,31,0,31,0,31,0
128,0,128,0,128,0,128,0,128,0
0,0,0,0,0,0,0,0,0,0
243,0,243,0,243,0,243,0,243,0
15,0,15,0,15,0,15,0,15,0
30,0,30,0,30,0,30,0,30,0
250,0,250,0,250,0,250,0,250,0
128,0,128,0,128,0,128,0,128,0
61,0,61,0,61,0,61,0,61,0
69,0,69,0,69,0,69,0,69,0
47,0,47,0,47,0,47,0,47,0
0,0,0,0,0,0,0,0,0,0
117,0,117,0,117,0,117,0,117,0
51,0,51,0,51,0,51,0,51,0
85,0,85,0,85,0,85,0,85,0
72,0,72,0,72,0,72,0,72,0
131,0,131,0,131,0,131,0,131,0
61,0,61,0,61,0,61,0,61,0
10,0,10,0,10,0,10,0,10,0
47,0,47,0,47,0,47,0,47,0
0,0,0,0,0,0,0,0,0,0
72,0,72,0,72,0,72,0,72,0
137,0,137,0,137,0,137,0,137,0
229,0,229,0,229,0,229,0,229,0
116,0,116,0,116,0,116,0,116,0
13,0,13,0,13,0,13,0,13,0
72,0,72,0,72,0,72,0,72,0
139,0,139,0,139,0,139,0,139,0
61,0,61,0,61,0,61,0,61,0
38,0,38,0,38,0,38,0,38,0
47,0,47,0,47,0,47,0,47,0
0,0,0,0,0,0,0,0,0,0
255,0,255,0,255,0,255,0,255,0
21,0,21,0,21,0,21,0,21,0
248,0,248,0,248,0,248,0,248,0
46,0,46,0,46,0,46,0,46,0
0,0,0,0,0,0,0,0,0,0
232,0,232,0,232,0,232,0,232,0
99,0,99,0,99,0,99,0,99,0
255,0,255,0,255,0,255,0,255,0
255,0,255,0,255,0,255,0,255,0
255,0,255,0,255,0,255,0,255,0
198,0,198,0,198,0,198,0,198,0
5,0,5,0,5,0,5,0,5,0
28,0,28,0,28,0,28,0,28,0
47,0,47,0,47,0,47,0,47,0
0,0,0,0,0,0,0,0,0,0
1,0,1,0,1,0,1,0,1,0
93,0,93,0,93,0,93,0,93,0
195,0,195,0,195,0,195,0,195,0
102,0,102,0,102,0,102,0,102,0
46,0,46,0,46,0,46,0,46,0
15,0,15,0,15,0,15,0,15,0
31,0,31,0,31,0,31,0,31,0
132,0,132,0,132,0,132,0,132,0
0,0,0,0,0,0,0,0,0,0
195,0,195,0,195,0,195,0,195,0
102,0,102,0,102,0,102,0,102,0
102,0,102,0,102,0,102,0,102,0
46,0,46,0,46,0,46,0,46,0
15,0,15,0,15,0,15,0,15,0
31,0,31,0,31,0,31,0,31,0
132,0,132,0,132,0,132,0,132,0
0,0,0,0,0,0,0,0,0,0
15,0,15,0,15,0,15,0,15,0
31,0,31,0,31,0,31,0,31,0
64,0,64,0,64,0,64,0,64,0
0,0,0,0,0,0,0,0,0,0
243,0,243,0,243,0,243,0,243,0
15,0,15,0,15,0,15,0,15,0
30,0,30,0,30,0,30,0,30,0
250,0,250,0,250,0,250,0,250,0
233,0,233,0,233,0,233,0,233,0
103,0,103,0,103,0,103,0,103,0
255,0,255,0,255,0,255,0,255,0
255,0,255,0,255,0,255,0,255,0
255,0,255,0,255,0,255,0,255,0
85,0,85,0,85,0,85,0,85,0
72,0,72,0,72,0,72,0,72,0
137,0,137,0,137,0,137,0,137,0
229,0,229,0,229,0,229,0,229,0
199,0,184,0,199,0,199,0,184,0
69,0,0,0,69,0,69,0,0,0
252,0,93,0,252,0,252,0,93,0
254,0,195,0,0,0,1,0,195,0
255,0,243,0,199,0,0,0,243,0
255,0,15,0,69,0,139,0,15,0
255,0,30,0,252,0,69,0,30,0
199,0,250,0,36,0,252,0,250,0
69,0,72,0,0,0,93,0,72,0
252,0,131,0,139,0,195,0,131,0
0,0,236,0,69,0,0,0,236,0
139,0,8,0,252,0,243,0,8,0
69,0,72,0,93,0,15,0,72,0
252,0,131,0,195,0,30,0,131,0
93,0,196,0,243,0,250,0,196,0
195,0,8,0,15,0,72,0,8,0
243,0,195,0,30,0,131,0,195,0
15,0,0,0,250,0,236,0,0,0
30,0,1,0,72,0,8,0,1,0
250,0,0,0,131,0,72,0,0,0
72,0,2,0,236,0,131,0,2,0
131,0,0,0,8,0,196,0,0,0
236,0,1,0,72,0,8,0,1,0
8,0,27,0,131,0,195,0,27,0
72,0,3,0,196,0,0,0,3,0
131,0,59,0,8,0,1,0,59,0
196,0,24,0,195,0,0,0,24,0
8,0,0,0,0,0,2,0,0,0
195,0,2,0,1,0,0,0,2,0
0,0,0,0,0,0,1,0,0,0
1,0,28,0,2,0,27,0,28,0
0,0,240,0,0,0,3,0,240,0
2,0,255,0,1,0,59,0,255,0
0,0,255,0,27,0,24,0,255,0
1,0,52,0,3,0,0,0,52,0
27,0,0,0,59,0,2,0,0,0
3,0,21,0,24,0,0,0,21,0
59,0,241,0,0,0,28,0,241,0
24,0,255,0,2,0,240,0,255,0
0,0,255,0,0,0,255,0,255,0
2,0,76,0,28,0,255,0,76,0
0,0,0,0,240,0,52,0,0,0
28,0,20,0,255,0,0,0,20,0
240,0,0,0,255,0,21,0,0,0
255,0,1,0,52,0,241,0,1,0
255,0,122,0,0,0,255,0,122,0
52,0,82,0,21,0,255,0,82,0
0,0,0,0,241,0,76,0,0,0
21,0,1,0,255,0,0,0,1,0
241,0,120,0,255,0,20,0,120,0
255,0,16,0,76,0,0,0,16,0
255,0,1,0,0,0,1,0,1,0
76,0,27,0,20,0,122,0,27,0
0,0,12,0,0,0,82,0,12,0
20,0,7,0,1,0,0,0,7,0
0,0,8,0,122,0,1,0,8,0
1,0,144,0,82,0,120,0,144,0
122,0,1,0,0,0,16,0,1,0
82,0,0,0,1,0,1,0,0,0
0,0,20,0,120,0,27,0,20,0
1,0,0,0,16,0,12,0,0,0
120,0,28,0,1,0,7,0,28,0
16,0,0,0,27,0,8,0,0,0
1,0,224,0,12,0,144,0,224,0
27,0,239,0,7,0,1,0,239,0
12,0,255,0,8,0,0,0,255,0
7,0,255,0,144,0,20,0,255,0
8,0,38,0,1,0,0,0,38,0
144,0,0,0,0,0,28,0,0,0
1,0,68,0,20,0,0,0,68,0
0,0,7,0,0,0,224,0,7,0
20,0,16,0,28,0,239,0,16,0
0,0,0,0,0,0,255,0,0,0
28,0,28,0,224,0,255,0,28,0
0,0,0,0,239,0,38,0,0,0
224,0,52,0,255,0,0,0,52,0
239,0,0,0,255,0,68,0,0,0
255,0,193,0,38,0,7,0,193,0
255,0,240,0,0,0,16,0,240,0
38,0,255,0,68,0,0,0,255,0
0,0,255,0,7,0,28,0,255,0
68,0,11,0,16,0,0,0,11,0
7,0,0,0,0,0,52,0,0,0
16,0,65,0,28,0,0,0,65,0
0,0,14,0,0,0,193,0,14,0
28,0,16,0,52,0,240,0,16,0
0,0,134,0,0,0,255,0,134,0
52,0,2,0,193,0,255,0,2,0
0,0,67,0,240,0,16,0,67,0
193,0,13,0,255,0,0,0,13,0
240,0,6,0,255,0,65,0,6,0
255,0,70,0,23,0,14,0,70,0
255,0,12,0,0,0,16,0,12,0
23,0,7,0,65,0,134,0,7,0
0,0,8,0,14,0,2,0,8,0
65,0,0,0,16,0,67,0,0,0
14,0,16,0,134,0,13,0,16,0
16,0,17,0,2,0,6,0,17,0
134,0,0,0,67,0,75,0,0,0
2,0,192,0,13,0,12,0,192,0
67,0,16,0,6,0,7,0,16,0
13,0,0,0,82,0,8,0,0,0
6,0,1,0,12,0,0,0,1,0
82,0,0,0,7,0,16,0,0,0
12,0,34,0,8,0,17,0,34,0
7,0,0,0,0,0,0,0,0,0
8,0,12,0,16,0,192,0,12,0
0,0,0,0,17,0,16,0,0,0
16,0,16,0,0,0,0,0,16,0
17,0,0,0,192,0,1,0,0,0
0,0,13,0,16,0,0,0,13,0
192,0,0,0,0,0,34,0,0,0
16,0,36,0,1,0,0,0,36,0
0,0,17,0,0,0,12,0,17,0
1,0,0,0,34,0,0,0,0,0
0,0,25,0,0,0,16,0,25,0
34,0,0,0,12,0,0,0,0,0
0,0,16,0,0,0,13,0,16,0
12,0,62,0,16,0,0,0,62,0
0,0,0,0,0,0,44,0,0,0
16,0,27,0,13,0,17,0,27,0
0,0,0,0,0,0,0,0,0,0
13,0,8,0,48,0,25,0,8,0
0,0,0,0,17,0,0,0,0,0
48,0,26,0,0,0,16,0,26,0
17,0,0,0,25,0,62,0,0,0
0,0,24,0,0,0,0,0,24,0
25,0,62,0,16,0,27,0,62,0
0,0,0,0,62,0,0,0,0,0
16,0,28,0,0,0,8,0,28,0
62,0,0,0,27,0,0,0,0,0
0,0,8,0,0,0,26,0,8,0
27,0,0,0,8,0,0,0,0,0
0,0,245,0,0,0,24,0,245,0
8,0,254,0,26,0,62,0,254,0
0,0,255,0,0,0,0,0,255,0
26,0,111,0,24,0,28,0,111,0
0,0,0,0,62,0,0,0,0,0
24,0,192,0,0,0,8,0,192,0
62,0,3,0,28,0,0,0,3,0
0,0,0,0,0,0,245,0,0,0
28,0,5,0,8,0,254,0,5,0
0,0,0,0,0,0,255,0,0,0
8,0,112,0,245,0,111,0,112,0
0,0,4,0,254,0,0,0,4,0
245,0,0,0,255,0,192,0,0,0
254,0,6,0,111,0,3,0,6,0
255,0,0,0,0,0,0,0,0,0
111,0,224,0,192,0,5,0,224,0
0,0,3,0,3,0,0,0,3,0
192,0,0,0,0,0,112,0,0,0
3,0,10,0,5,0,4,0,10,0
0,0,0,0,0,0,0,0,0,0
5,0,136,0,112,0,6,0,136,0
0,0,0,0,4,0,0,0,0,0
112,0,11,0,0,0,224,0,11,0
4,0,0,0,6,0,3,0,0,0
0,0,24,0,0,0,0,0,24,0
6,0,0,0,224,0,10,0,0,0
0,0,21,0,3,0,0,0,21,0
224,0,0,0,0,0,136,0,0,0
3,0,7,0,10,0,0,0,7,0
0,0,0,0,0,0,11,0,0,0
10,0,56,0,136,0,0,0,56,0
0,0,5,0,0,0,24,0,5,0
136,0,0,0,11,0,0,0,0,0
0,0,8,0,0,0,21,0,8,0
11,0,0,0,24,0,0,0,0,0
0,0,192,0,0,0,7,0,192,0
24,0,0,0,21,0,0,0,0,0
0,0,9,0,0,0,56,0,9,0
21,0,0,0,7,0,5,0,0,0
0,0,24,0,0,0,0,0,24,0
7,0,0,0,56,0,8,0,0,0
0,0,251,0,5,0,0,0,251,0
56,0,255,0,0,0,192,0,255,0
5,0,255,0,8,0,0,0,255,0
0,0,111,0,0,0,9,0,111,0
8,0,0,0,192,0,0,0,0,0
0,0,8,0,0,0,24,0,8,0
192,0,0,0,9,0,0,0,0,0
0,0,254,0,0,0,251,0,254,0
9,0,255,0,24,0,255,0,255,0
0,0,255,0,0,0,255,0,255,0
24,0,111,0,251,0,111,0,111,0
0,0,0,0,255,0,0,0,0,0
251,0,8,0,255,0,8,0,8,0
255,0,5,0,111,0,0,0,5,0
255,0,0,0,0,0,254,0,0,0
111,0,255,0,8,0,255,0,255,0
0,0,255,0,0,0,255,0,255,0
8,0,255,0,254,0,111,0,255,0
0,0,111,0,255,0,0,0,111,0
254,0,0,0,255,0,8,0,0,0
255,0,1,0,111,0,5,0,1,0
255,0,0,0,0,0,0,0,0,0
111,0,240,0,8,0,255,0,240,0
0,0,255,0,5,0,255,0,255,0
8,0,255,0,0,0,255,0,255,0
5,0,111,0,255,0,111,0,111,0
0,0,0,0,255,0,0,0,0,0
255,0,248,0,255,0,1,0,248,0
255,0,4,0,111,0,0,0,4,0
255,0,0,0,0,0,240,0,0,0
111,0,249,0,1,0,255,0,249,0
0,0,255,0,0,0,255,0,255,0
1,0,255,0,240,0,111,0,255,0
0,0,111,0,255,0,0,0,111,0
240,0,0,0,255,0,248,0,0,0
255,0,3,0,111,0,4,0,3,0
255,0,0,0,0,0,0,0,0,0
111,0,32,0,248,0,249,0,32,0
0,0,62,0,4,0,255,0,62,0
248,0,0,0,0,0,255,0,0,0
4,0,8,0,249,0,111,0,8,0
0,0,64,0,255,0,0,0,64,0
249,0,0,0,255,0,3,0,0,0
255,0,71,0,111,0,0,0,71,0
255,0,67,0,0,0,32,0,67,0
111,0,67,0,3,0,62,0,67,0
0,0,58,0,0,0,0,0,58,0
3,0,32,0,32,0,8,0,32,0
0,0,40,0,62,0,64,0,40,0
32,0,71,0,0,0,0,0,71,0
62,0,78,0,8,0,71,0,78,0
0,0,85,0,64,0,67,0,85,0
8,0,41,0,0,0,67,0,41,0
64,0,32,0,71,0,58,0,32,0
0,0,49,0,67,0,32,0,49,0
71,0,52,0,67,0,40,0,52,0
67,0,46,0,58,0,71,0,46,0
67,0,50,0,32,0,78,0,50,0
58,0,46,0,40,0,85,0,46,0
32,0,49,0,71,0,41,0,49,0
40,0,32,0,78,0,32,0,32,0
71,0,50,0,85,0,49,0,50,0
78,0,48,0,41,0,52,0,48,0
85,0,50,0,32,0,46,0,50,0
41,0,52,0,49,0,50,0,52,0
32,0,48,0,52,0,46,0,48,0
49,0,56,0,46,0,49,0,56,0
52,0,48,0,50,0,32,0,48,0
46,0,53,0,46,0,50,0,53,0
50,0,0,0,49,0,48,0,0,0
46,0,1,0,32,0,50,0,1,0
49,0,0,0,50,0,52,0,0,0
32,0,4,0,48,0,48,0,4,0
50,0,0,0,50,0,56,0,0,0
48,0,241,0,52,0,48,0,241,0
50,0,255,0,48,0,53,0,255,0
52,0,0,0,56,0,0,0,0,0
48,0,4,0,48,0,1,0,4,0
56,0,0,0,53,0,0,0,0,0
48,0,241,0,0,0,4,0,241,0
53,0,255,0,1,0,0,0,255,0
0,0,0,0,0,0,241,0,0,0
1,0,5,0,4,0,255,0,5,0
0,0,0,0,0,0,0,0,0,0
4,0,1,0,241,0,4,0,1,0
0,0,0,0,255,0,0,0,0,0
241,0,19,0,0,0,241,0,19,0
255,0,0,0,4,0,255,0,0,0
0,0,32,0,0,0,0,0,32,0
4,0,62,0,241,0,5,0,62,0
0,0,0,0,255,0,0,0,0,0
241,0,14,0,0,0,1,0,14,0
255,0,0,0,5,0,0,0,0,0
0,0,15,0,0,0,19,0,15,0
5,0,0,0,1,0,0,0,0,0
0,0,4,0,0,0,32,0,4,0
1,0,32,0,19,0,62,0,32,0
0,0,0,0,0,0,0,0,0,0
19,0,33,0,32,0,14,0,33,0
0,0,0,0,62,0,0,0,0,0
32,0,1,0,0,0,15,0,1,0
62,0,0,0,14,0,0,0,0,0
0,0,21,0,0,0,4,0,21,0
14,0,0,0,15,0,32,0,0,0
0,0,232,0,0,0,0,0,232,0
15,0,63,0,4,0,33,0,63,0
0,0,0,0,32,0,0,0,0,0
4,0,55,0,0,0,1,0,55,0
32,0,0,0,33,0,0,0,0,0
0,0,18,0,0,0,21,0,18,0
33,0,0,0,1,0,0,0,0,0
0,0,84,0,0,0,232,0,84,0
1,0,0,0,21,0,63,0,0,0
0,0,32,0,0,0,0,0,32,0
21,0,0,0,232,0,55,0,0,0
0,0,127,0,63,0,0,0,127,0
232,0,0,0,0,0,18,0,0,0
63,0,32,0,55,0,0,0,32,0
0,0,0,0,0,0,84,0,0,0
55,0,22,0,18,0,0,0,22,0
0,0,0,0,0,0,32,0,0,0
18,0,64,0,84,0,0,0,64,0
0,0,0,0,0,0,127,0,0,0
84,0,112,0,32,0,0,0,112,0
0,0,0,0,0,0,32,0,0,0
32,0,16,0,127,0,0,0,16,0
0,0,0,0,0,0,22,0,0,0
127,0,22,0,32,0,0,0,22,0
0,0,0,0,0,0,64,0,0,0
32,0,16,0,22,0,0,0,16,0
0,0,64,0,0,0,112,0,64,0
22,0,0,0,64,0,0,0,0,0
0,0,119,0,0,0,16,0,119,0
64,0,0,0,112,0,0,0,0,0
0,0,18,0,0,0,22,0,18,0
112,0,2,0,16,0,0,0,2,0
0,0,13,0,0,0,16,0,13,0
16,0,0,0,22,0,64,0,0,0
0,0,36,0,0,0,0,0,36,0
22,0,17,0,16,0,119,0,17,0
0,0,0,0,64,0,0,0,0,0
16,0,125,0,0,0,18,0,125,0
64,0,0,0,119,0,2,0,0,0
0,0,16,0,0,0,13,0,16,0
119,0,0,0,18,0,0,0,0,0
0,0,22,0,2,0,44,0,22,0
18,0,0,0,13,0,17,0,0,0
2,0,64,0,0,0,0,0,64,0
13,0,0,0,48,0,125,0,0,0
0,0,138,0,17,0,0,0,138,0
48,0,0,0,0,0,16,0,0,0
17,0,32,0,125,0,0,0,32,0
0,0,0,0,0,0,22,0,0,0
125,0,153,0,16,0,0,0,153,0
0,0,0,0,0,0,64,0,0,0
16,0,17,0,22,0,0,0,17,0
0,0,2,0,0,0,138,0,2,0
22,0,22,0,64,0,0,0,22,0
0,0,0,0,0,0,32,0,0,0
64,0,8,0,138,0,0,0,8,0
0,0,64,0,0,0,153,0,64,0
138,0,0,0,32,0,0,0,0,0
0,0,166,0,0,0,17,0,166,0
32,0,0,0,153,0,2,0,0,0
0,0,17,0,0,0,22,0,17,0
153,0,0,0,17,0,0,0,0,0
0,0,14,0,2,0,8,0,14,0
17,0,0,0,22,0,64,0,0,0
2,0,32,0,0,0,0,0,32,0
22,0,0,0,8,0,166,0,0,0
0,0,4,0,64,0,0,0,4,0
8,0,0,0,0,0,17,0,0,0
64,0,181,0,166,0,0,0,181,0
0,0,0,0,0,0,14,0,0,0
166,0,16,0,17,0,0,0,16,0
0,0,0,0,0,0,32,0,0,0
17,0,23,0,14,0,0,0,23,0
0,0,0,0,0,0,4,0,0,0
14,0,24,0,32,0,0,0,24,0
0,0,64,0,0,0,181,0,64,0
32,0,0,0,4,0,0,0,0,0
0,0,131,0,0,0,16,0,131,0
4,0,0,0,181,0,0,0,0,0
0,0,18,0,0,0,23,0,18,0
181,0,0,0,16,0,0,0,0,0
0,0,12,0,0,0,24,0,12,0
16,0,0,0,23,0,64,0,0,0
0,0,32,0,0,0,0,0,32,0
23,0,16,0,24,0,131,0,16,0
0,0,0,0,64,0,0,0,0,0
24,0,38,0,0,0,18,0,38,0
64,0,0,0,131,0,0,0,0,0
0,0,186,0,0,0,12,0,186,0
131,0,0,0,18,0,0,0,0,0
0,0,16,0,0,0,32,0,16,0
18,0,0,0,12,0,16,0,0,0
0,0,23,0,0,0,0,0,23,0
12,0,0,0,32,0,38,0,0,0
0,0,16,0,16,0,0,0,16,0
32,0,64,0,0,0,186,0,64,0
16,0,0,0,38,0,0,0,0,0
0,0,198,0,0,0,16,0,198,0
38,0,0,0,186,0,0,0,0,0
0,0,18,0,0,0,23,0,18,0
186,0,0,0,16,0,0,0,0,0
0,0,12,0,0,0,16,0,12,0
16,0,0,0,23,0,64,0,0,0
0,0,25,0,0,0,0,0,25,0
23,0,17,0,16,0,198,0,17,0
0,0,0,0,64,0,0,0,0,0
16,0,11,0,0,0,18,0,11,0
64,0,0,0,198,0,0,0,0,0
0,0,203,0,0,0,12,0,203,0
198,0,0,0,18,0,0,0,0,0
0,0,17,0,0,0,25,0,17,0
18,0,2,0,12,0,17,0,2,0
0,0,22,0,0,0,0,0,22,0
12,0,0,0,25,0,16,0,0,0
0,0,16,0,17,0,0,0,16,0
25,0,64,0,0,0,203,0,64,0
17,0,0,0,23,0,0,0,0,0
0,0,215,0,0,0,17,0,215,0
23,0,0,0,203,0,2,0,0,0
0,0,32,0,0,0,22,0,32,0
203,0,0,0,17,0,0,0,0,0
0,0,241,0,2,0,16,0,241,0
17,0,0,0,22,0,64,0,0,0
2,0,34,0,0,0,0,0,34,0
22,0,0,0,16,0,215,0,0,0
0,0,12,0,64,0,0,0,12,0
16,0,1,0,0,0,32,0,1,0
64,0,0,0,215,0,0,0,0,0
0,0,18,0,0,0,241,0,18,0
215,0,2,0,32,0,0,0,2,0
0,0,11,0,0,0,34,0,11,0
32,0,0,0,241,0,0,0,0,0
0,0,16,0,0,0,12,0,16,0
241,0,0,0,34,0,1,0,0,0
0,0,49,0,0,0,0,0,52,0
34,0,46,0,12,0,18,0,46,0
0,0,99,0,1,0,2,0,99,0
12,0,0,0,0,0,11,0,0,0
1,0,95,0,18,0,0,0,95,0
0,0,68,0,2,0,16,0,68,0
18,0,89,0,11,0,0,0,89,0
2,0,78,0,0,0,51,0,78,0
11,0,65,0,16,0,46,0,65,0
0,0,77,0,0,0,99,0,77,0
16,0,73,0,50,0,0,0,73,0
0,0,67,0,46,0,95,0,67,0
48,0,0,0,99,0,68,0,0,0
46,0,95,0,0,0,89,0,95,0
99,0,95,0,95,0,78,0,95,0
0,0,71,0,68,0,65,0,71,0
95,0,78,0,89,0,77,0,78,0
68,0,85,0,78,0,73,0,85,0
89,0,95,0,65,0,67,0,95,0
78,0,69,0,77,0,0,0,69,0
65,0,72,0,73,0,95,0,72,0
77,0,95,0,67,0,95,0,95,0
73,0,70,0,0,0,71,0,70,0
67,0,82,0,95,0,78,0,82,0
0,0,65,0,95,0,85,0,65,0
95,0,77,0,71,0,95,0,77,0
95,0,69,0,78,0,69,0,69,0
71,0,95,0,85,0,72,0,95,0
78,0,72,0,95,0,95,0,72,0
85,0,68,0,69,0,70,0,68,0
95,0,82,0,72,0,82,0,82,0
69,0,0,0,95,0,65,0,0,0
72,0,95,0,70,0,77,0,95,0
95,0,71,0,82,0,69,0,71,0
70,0,76,0,65,0,95,0,76,0
82,0,79,0,77,0,72,0,79,0
65,0,66,0,69,0,68,0,66,0
77,0,65,0,95,0,82,0,65,0
69,0,76,0,72,0,0,0,76,0
95,0,95,0,68,0,95,0,95,0
72,0,79,0,82,0,71,0,79,0
68,0,70,0,0,0,76,0,70,0
82,0,70,0,95,0,79,0,70,0
0,0,83,0,71,0,66,0,83,0
95,0,69,0,76,0,65,0,69,0
71,0,84,0,79,0,76,0,84,0
76,0,95,0,66,0,95,0,95,0
79,0,84,0,65,0,79,0,84,0
66,0,65,0,76,0,70,0,65,0
65,0,66,0,95,0,70,0,66,0
76,0,76,0,79,0,83,0,76,0
95,0,69,0,70,0,69,0,69,0
79,0,95,0,70,0,84,0,95,0
70,0,0,0,83,0,95,0,0,0
70,0,95,0,69,0,84,0,95,0
83,0,95,0,84,0,65,0,95,0
69,0,108,0,95,0,66,0,108,0
84,0,105,0,84,0,76,0,105,0
95,0,98,0,65,0,69,0,98,0
84,0,99,0,66,0,95,0,99,0
65,0,95,0,76,0,0,0,95,0
66,0,115,0,69,0,95,0,115,0
76,0,116,0,95,0,95,0,116,0
69,0,97,0,0,0,108,0,97,0
95,0,114,0,95,0,105,0,114,0
0,0,116,0,95,0,98,0,116,0
95,0,95,0,108,0,99,0,95,0
95,0,109,0,105,0,95,0,109,0
108,0,97,0,98,0,115,0,97,0
105,0,105,0,99,0,116,0,105,0
98,0,110,0,95,0,97,0,110,0
99,0,64,0,115,0,114,0,64,0
95,0,71,0,116,0,116,0,71,0
115,0,76,0,97,0,95,0,76,0
116,0,73,0,114,0,109,0,73,0
97,0,66,0,116,0,97,0,66,0
114,0,67,0,95,0,105,0,67,0
116,0,95,0,109,0,110,0,95,0
95,0,50,0,97,0,64,0,50,0
109,0,46,0,105,0,71,0,46,0
97,0,51,0,110,0,76,0,51,0
105,0,52,0,64,0,73,0,52,0
110,0,0,0,71,0,66,0,0,0
64,0,95,0,76,0,67,0,95,0
71,0,73,0,73,0,95,0,73,0
76,0,84,0,66,0,50,0,84,0
73,0,77,0,67,0,46,0,77,0
66,0,95,0,95,0,51,0,95,0
67,0,100,0,50,0,52,0,100,0
95,0,101,0,46,0,0,0,101,0
50,0,114,0,51,0,95,0,114,0
46,0,101,0,52,0,73,0,101,0
51,0,103,0,0,0,84,0,103,0
52,0,105,0,95,0,77,0,105,0
0,0,115,0,73,0,95,0,115,0
95,0,116,0,84,0,100,0,116,0
73,0,101,0,77,0,101,0,101,0
84,0,114,0,95,0,114,0,114,0
77,0,84,0,100,0,101,0,84,0
95,0,77,0,101,0,103,0,77,0
100,0,67,0,114,0,105,0,67,0
101,0,108,0,101,0,115,0,108,0
114,0,111,0,103,0,116,0,111,0
101,0,110,0,105,0,101,0,110,0
103,0,101,0,115,0,114,0,101,0
105,0,84,0,116,0,84,0,84,0
115,0,97,0,101,0,77,0,97,0
116,0,98,0,114,0,67,0,98,0
101,0,108,0,84,0,108,0,108,0
114,0,101,0,77,0,111,0,101,0
84,0,0,0,67,0,110,0,0,0
77,0,95,0,108,0,101,0,95,0
67,0,101,0,111,0,84,0,101,0
108,0,100,0,110,0,97,0,100,0
111,0,97,0,101,0,98,0,97,0
110,0,116,0,84,0,108,0,116,0
101,0,97,0,97,0,101,0,97,0
84,0,0,0,98,0,0,0,0,0
97,0,95,0,108,0,95,0,95,0
98,0,102,0,101,0,101,0,102,0
108,0,105,0,0,0,100,0,105,0
101,0,110,0,95,0,97,0,110,0
0,0,105,0,101,0,116,0,105,0
95,0,0,0,100,0,97,0,0,0
101,0,95,0,97,0,0,0,95,0
100,0,95,0,116,0,95,0,95,0
97,0,100,0,97,0,102,0,100,0
116,0,97,0,0,0,105,0,97,0
97,0,116,0,95,0,110,0,116,0
0,0,97,0,102,0,105,0,97,0
95,0,95,0,105,0,0,0,95,0
102,0,115,0,110,0,95,0,115,0
105,0,116,0,105,0,95,0,116,0
110,0,97,0,0,0,100,0,97,0
105,0,114,0,95,0,97,0,114,0
0,0,116,0,95,0,116,0,116,0
95,0,0,0,100,0,97,0,0,0
95,0,95,0,97,0,95,0,95,0
100,0,95,0,116,0,115,0,95,0
97,0,103,0,97,0,116,0,103,0
116,0,109,0,95,0,97,0,109,0
97,0,111,0,115,0,114,0,111,0
95,0,110,0,116,0,116,0,110,0
115,0,95,0,97,0,0,0,95,0
116,0,115,0,114,0,95,0,115,0
97,0,116,0,116,0,95,0,116,0
114,0,97,0,0,0,103,0,97,0
116,0,114,0,95,0,109,0,114,0
0,0,116,0,95,0,111,0,116,0
95,0,95,0,103,0,110,0,95,0
95,0,95,0,109,0,95,0,95,0
103,0,0,0,111,0,115,0,0,0
109,0,95,0,110,0,116,0,95,0
111,0,95,0,95,0,97,0,95,0
110,0,100,0,115,0,114,0,100,0
95,0,115,0,116,0,116,0,115,0
115,0,111,0,97,0,95,0,111,0
116,0,95,0,114,0,95,0,95,0
97,0,104,0,116,0,0,0,104,0
114,0,97,0,95,0,95,0,97,0
116,0,110,0,95,0,95,0,110,0
95,0,100,0,0,0,100,0,100,0
95,0,108,0,95,0,115,0,108,0
0,0,101,0,95,0,111,0,101,0
95,0,0,0,100,0,95,0,0,0
95,0,95,0,115,0,104,0,95,0
100,0,73,0,111,0,97,0,73,0
115,0,79,0,95,0,110,0,79,0
111,0,95,0,104,0,100,0,95,0
95,0,115,0,97,0,108,0,115,0
104,0,116,0,110,0,101,0,116,0
97,0,100,0,100,0,0,0,100,0
110,0,105,0,108,0,95,0,105,0
100,0,110,0,101,0,73,0,110,0
108,0,95,0,0,0,79,0,95,0
101,0,117,0,95,0,95,0,117,0
0,0,115,0,73,0,115,0,115,0
95,0,101,0,79,0,116,0,101,0
73,0,100,0,95,0,100,0,100,0
79,0,0,0,115,0,105,0,0,0
95,0,95,0,116,0,110,0,95,0
115,0,101,0,100,0,95,0,101,0
116,0,110,0,105,0,117,0,110,0
100,0,100,0,110,0,115,0,100,0
105,0,0,0,95,0,101,0,0,0
110,0,95,0,117,0,100,0,95,0
95,0,95,0,115,0,0,0,95,0
117,0,98,0,101,0,95,0,98,0
115,0,115,0,100,0,101,0,115,0
101,0,115,0,0,0,110,0,115,0
100,0,95,0,95,0,100,0,95,0
0,0,115,0,101,0,0,0,115,0
95,0,116,0,110,0,95,0,116,0
101,0,97,0,100,0,95,0,97,0
110,0,114,0,0,0,98,0,114,0
100,0,116,0,95,0,115,0,116,0
0,0,0,0,95,0,115,0,0,0
95,0,109,0,98,0,95,0,109,0
95,0,97,0,115,0,115,0,97,0
98,0,105,0,115,0,116,0,105,0
115,0,110,0,95,0,97,0,110,0
115,0,0,0,115,0,114,0,0,0
95,0,95,0,116,0,116,0,95,0
115,0,95,0,97,0,0,0,95,0
116,0,84,0,114,0,109,0,84,0
97,0,77,0,116,0,97,0,77,0
114,0,67,0,0,0,105,0,67,0
116,0,95,0,109,0,110,0,95,0
0,0,69,0,97,0,0,0,69,0
109,0,78,0,105,0,95,0,78,0
97,0,68,0,110,0,95,0,68,0
105,0,95,0,0,0,84,0,95,0
110,0,95,0,95,0,77,0,95,0
0,0,0,0,95,0,67,0,0,0
95,0,95,0,84,0,95,0,95,0
95,0,73,0,77,0,69,0,73,0
84,0,84,0,67,0,78,0,84,0
77,0,77,0,95,0,68,0,77,0
67,0,95,0,69,0,95,0,95,0
95,0,114,0,78,0,95,0,114,0
69,0,101,0,68,0,0,0,101,0
78,0,103,0,95,0,95,0,103,0
68,0,105,0,95,0,73,0,105,0
95,0,115,0,0,0,84,0,115,0
95,0,116,0,95,0,77,0,116,0
0,0,101,0,73,0,95,0,101,0
95,0,114,0,84,0,114,0,114,0
73,0,84,0,77,0,101,0,84,0
84,0,77,0,95,0,103,0,77,0
77,0,67,0,114,0,105,0,67,0
95,0,108,0,101,0,115,0,108,0
114,0,111,0,103,0,116,0,111,0
101,0,110,0,105,0,101,0,110,0
103,0,101,0,115,0,114,0,101,0
105,0,84,0,116,0,84,0,84,0
115,0,97,0,101,0,77,0,97,0
116,0,98,0,114,0,67,0,98,0
101,0,108,0,84,0,108,0,108,0
114,0,101,0,77,0,111,0,101,0
84,0,0,0,67,0,110,0,0,0
77,0,95,0,108,0,101,0,95,0
67,0,95,0,111,0,84,0,95,0
108,0,99,0,110,0,97,0,99,0
111,0,120,0,101,0,98,0,120,0
110,0,97,0,84,0,108,0,97,0
101,0,95,0,97,0,101,0,95,0
84,0,102,0,98,0,0,0,102,0
97,0,105,0,108,0,95,0,105,0
98,0,110,0,101,0,95,0,110,0
108,0,97,0,0,0,99,0,97,0
101,0,108,0,95,0,120,0,108,0
0,0,105,0,95,0,97,0,105,0
95,0,122,0,99,0,95,0,122,0
95,0,101,0,120,0,102,0,101,0
99,0,64,0,97,0,105,0,64,0
120,0,71,0,95,0,110,0,71,0
97,0,76,0,102,0,97,0,76,0
95,0,73,0,105,0,108,0,73,0
102,0,66,0,110,0,105,0,66,0
105,0,67,0,97,0,122,0,67,0
110,0,95,0,108,0,101,0,95,0
97,0,50,0,105,0,64,0,50,0
108,0,46,0,122,0,71,0,46,0
105,0,50,0,101,0,76,0,50,0
122,0,46,0,64,0,73,0,46,0
101,0,53,0,71,0,66,0,53,0
64,0,0,0,76,0,67,0,0,0
71,0,95,0,73,0,95,0,95,0
76,0,105,0,66,0,50,0,105,0
73,0,110,0,67,0,46,0,110,0
66,0,105,0,95,0,50,0,105,0
67,0,116,0,50,0,46,0,116,0
95,0,0,0,46,0,53,0,0,0
50,0,46,0,50,0,0,0,46,0
46,0,115,0,46,0,95,0,115,0
50,0,121,0,53,0,105,0,121,0
46,0,109,0,0,0,110,0,109,0
53,0,116,0,95,0,105,0,116,0
0,0,97,0,105,0,116,0,97,0
95,0,98,0,110,0,0,0,98,0
105,0,0,0,105,0,46,0,0,0
110,0,46,0,116,0,115,0,46,0
105,0,115,0,0,0,121,0,115,0
116,0,116,0,46,0,109,0,116,0
0,0,114,0,115,0,116,0,114,0
46,0,116,0,121,0,97,0,116,0
115,0,97,0,109,0,98,0,97,0
121,0,98,0,116,0,0,0,98,0
109,0,0,0,97,0,46,0,0,0
116,0,46,0,98,0,115,0,46,0
97,0,115,0,0,0,116,0,115,0
98,0,104,0,46,0,114,0,104,0
0,0,115,0,115,0,116,0,115,0
46,0,116,0,116,0,97,0,116,0
115,0,114,0,114,0,98,0,114,0
116,0,116,0,116,0,0,0,116,0
114,0,97,0,97,0,46,0,97,0
116,0,98,0,98,0,115,0,98,0
97,0,0,0,0,0,104,0,0,0
98,0,46,0,46,0,115,0,46,0
0,0,105,0,115,0,116,0,105,0
46,0,110,0,104,0,114,0,110,0
115,0,116,0,115,0,116,0,116,0
104,0,101,0,116,0,97,0,101,0
115,0,114,0,114,0,98,0,114,0
116,0,112,0,116,0,0,0,112,0
114,0,0,0,97,0,46,0,0,0
116,0,46,0,98,0,105,0,46,0
97,0,110,0,0,0,110,0,110,0
98,0,111,0,46,0,116,0,111,0
0,0,116,0,105,0,101,0,116,0
46,0,101,0,110,0,114,0,101,0
105,0,46,0,116,0,112,0,46,0
110,0,103,0,101,0,0,0,103,0
116,0,110,0,114,0,46,0,110,0
101,0,117,0,112,0,110,0,117,0
114,0,46,0,0,0,111,0,46,0
112,0,112,0,46,0,116,0,112,0
0,0,114,0,110,0,101,0,114,0
46,0,111,0,111,0,46,0,111,0
110,0,112,0,116,0,103,0,112,0
111,0,101,0,101,0,110,0,101,0
116,0,114,0,46,0,117,0,114,0
101,0,116,0,103,0,46,0,116,0
46,0,121,0,110,0,112,0,121,0
103,0,0,0,117,0,114,0,0,0
110,0,46,0,46,0,111,0,46,0
117,0,110,0,112,0,112,0,110,0
46,0,111,0,114,0,101,0,111,0
112,0,116,0,111,0,114,0,116,0
114,0,101,0,112,0,116,0,101,0
111,0,46,0,101,0,121,0,46,0
112,0,103,0,114,0,0,0,103,0
101,0,110,0,116,0,46,0,110,0
114,0,117,0,121,0,110,0,117,0
116,0,46,0,0,0,111,0,46,0
121,0,98,0,46,0,116,0,98,0
0,0,117,0,110,0,101,0,117,0
46,0,105,0,111,0,46,0,105,0
110,0,108,0,116,0,103,0,108,0
111,0,100,0,101,0,110,0,100,0
116,0,45,0,46,0,117,0,45,0
101,0,105,0,103,0,46,0,105,0
46,0,100,0,110,0,98,0,100,0
103,0,0,0,117,0,117,0,0,0
110,0,46,0,46,0,105,0,46,0
117,0,110,0,98,0,108,0,110,0
46,0,111,0,117,0,100,0,111,0
98,0,116,0,105,0,45,0,116,0
117,0,101,0,108,0,105,0,101,0
105,0,46,0,100,0,100,0,46,0
108,0,65,0,45,0,0,0,65,0
100,0,66,0,105,0,46,0,66,0
45,0,73,0,100,0,110,0,73,0
105,0,45,0,0,0,111,0,45,0
100,0,116,0,46,0,116,0,116,0
0,0,97,0,110,0,101,0,97,0
46,0,103,0,111,0,46,0,103,0
110,0,0,0,116,0,65,0,0,0
111,0,46,0,101,0,66,0,46,0
116,0,103,0,46,0,73,0,103,0
101,0,110,0,65,0,45,0,110,0
46,0,117,0,66,0,116,0,117,0
65,0,46,0,73,0,97,0,46,0
66,0,104,0,45,0,103,0,104,0
73,0,97,0,116,0,0,0,97,0
45,0,115,0,97,0,46,0,115,0
116,0,104,0,103,0,103,0,104,0
97,0,0,0,0,0,110,0,0,0
103,0,46,0,46,0,117,0,46,0
0,0,100,0,103,0,46,0,100,0
46,0,121,0,110,0,104,0,121,0
103,0,110,0,117,0,97,0,110,0
110,0,115,0,46,0,115,0,115,0
117,0,121,0,104,0,104,0,121,0
46,0,109,0,97,0,0,0,109,0
104,0,0,0,115,0,46,0,0,0
97,0,46,0,104,0,100,0,46,0
115,0,100,0,0,0,121,0,100,0
104,0,121,0,46,0,110,0,121,0
0,0,110,0,100,0,115,0,110,0
46,0,115,0,121,0,121,0,115,0
100,0,116,0,110,0,109,0,116,0
121,0,114,0,115,0,0,0,114,0
110,0,0,0,121,0,46,0,0,0
115,0,46,0,109,0,100,0,46,0
121,0,103,0,0,0,121,0,103,0
109,0,110,0,46,0,110,0,110,0
0,0,117,0,100,0,115,0,117,0
46,0,46,0,121,0,116,0,46,0
100,0,118,0,110,0,114,0,118,0
121,0,101,0,115,0,0,0,101,0
110,0,114,0,116,0,46,0,114,0
115,0,115,0,114,0,103,0,115,0
116,0,105,0,0,0,110,0,105,0
114,0,111,0,46,0,117,0,111,0
0,0,110,0,103,0,46,0,110,0
46,0,0,0,110,0,118,0,0,0
103,0,46,0,117,0,101,0,46,0
110,0,103,0,46,0,114,0,103,0
117,0,110,0,118,0,115,0,110,0
46,0,117,0,101,0,105,0,117,0
118,0,46,0,114,0,111,0,46,0
101,0,118,0,115,0,110,0,118,0
114,0,101,0,105,0,0,0,101,0
115,0,114,0,111,0,46,0,114,0
105,0,115,0,110,0,103,0,115,0
111,0,105,0,0,0,110,0,105,0
110,0,111,0,46,0,117,0,111,0
0,0,110,0,103,0,46,0,110,0
46,0,95,0,110,0,118,0,95,0
103,0,114,0,117,0,101,0,114,0
110,0,0,0,46,0,114,0,0,0
117,0,46,0,118,0,115,0,46,0
46,0,114,0,101,0,105,0,114,0
118,0,101,0,114,0,111,0,101,0
101,0,108,0,115,0,110,0,108,0
114,0,97,0,105,0,95,0,97,0
115,0,46,0,111,0,114,0,46,0
105,0,100,0,110,0,0,0,100,0
111,0,121,0,95,0,46,0,121,0
110,0,110,0,114,0,114,0,110,0
95,0,0,0,0,0,101,0,0,0
114,0,46,0,46,0,108,0,46,0
0,0,105,0,114,0,97,0,105,0
46,0,110,0,101,0,46,0,110,0
114,0,105,0,108,0,100,0,105,0
101,0,116,0,97,0,121,0,116,0
108,0,0,0,46,0,110,0,0,0
97,0,46,0,100,0,0,0,46,0
46,0,116,0,121,0,46,0,116,0
100,0,101,0,110,0,105,0,101,0
121,0,120,0,0,0,110,0,120,0
110,0,116,0,46,0,105,0,116,0
0,0,0,0,105,0,116,0,0,0
46,0,46,0,110,0,0,0,46,0
105,0,102,0,105,0,46,0,102,0
110,0,105,0,116,0,116,0,105,0
105,0,110,0,0,0,101,0,110,0
116,0,105,0,46,0,120,0,105,0
0,0,0,0,116,0,116,0,0,0
46,0,46,0,101,0,0,0,46,0
116,0,114,0,120,0,46,0,114,0
101,0,111,0,116,0,102,0,111,0
120,0,100,0,0,0,105,0,100,0
116,0,97,0,46,0,110,0,97,0
0,0,116,0,102,0,105,0,116,0
46,0,97,0,105,0,0,0,97,0
102,0,0,0,110,0,46,0,0,0
105,0,46,0,105,0,114,0,46,0
110,0,101,0,0,0,111,0,101,0
105,0,104,0,46,0,100,0,104,0
0,0,95,0,114,0,97,0,95,0
46,0,102,0,111,0,116,0,102,0
114,0,114,0,100,0,97,0,114,0
111,0,97,0,97,0,0,0,97,0
100,0,109,0,116,0,46,0,109,0
97,0,101,0,97,0,101,0,101,0
116,0,95,0,0,0,104,0,95,0
97,0,104,0,46,0,95,0,104,0
0,0,100,0,101,0,102,0,100,0
46,0,114,0,104,0,114,0,114,0
101,0,0,0,95,0,97,0,0,0
104,0,46,0,102,0,109,0,46,0
95,0,101,0,114,0,101,0,101,0
102,0,104,0,97,0,95,0,104,0
114,0,95,0,109,0,104,0,95,0
97,0,102,0,101,0,100,0,102,0
109,0,114,0,95,0,114,0,114,0
101,0,97,0,104,0,0,0,97,0
95,0,109,0,100,0,46,0,109,0
104,0,101,0,114,0,101,0,101,0
100,0,0,0,0,0,104,0,0,0
114,0,46,0,46,0,95,0,46,0
0,0,105,0,101,0,102,0,105,0
46,0,110,0,104,0,114,0,110,0
101,0,105,0,95,0,97,0,105,0
104,0,116,0,102,0,109,0,116,0
95,0,95,0,114,0,101,0,95,0
102,0,97,0,97,0,0,0,97,0
114,0,114,0,109,0,46,0,114,0
97,0,114,0,101,0,105,0,114,0
109,0,97,0,0,0,110,0,97,0
101,0,121,0,46,0,105,0,121,0
0,0,0,0,105,0,116,0,0,0
46,0,46,0,110,0,95,0,46,0
105,0,102,0,105,0,97,0,102,0
110,0,105,0,116,0,114,0,105,0
105,0,110,0,95,0,114,0,110,0
116,0,105,0,97,0,97,0,105,0
95,0,95,0,114,0,121,0,95,0
97,0,97,0,114,0,0,0,97,0
114,0,114,0,97,0,46,0,114,0
114,0,114,0,121,0,102,0,114,0
97,0,97,0,0,0,105,0,97,0
121,0,121,0,46,0,110,0,121,0
0,0,0,0,102,0,105,0,0,0
46,0,46,0,105,0,95,0,46,0
102,0,100,0,110,0,97,0,100,0
105,0,121,0,105,0,114,0,121,0
110,0,110,0,95,0,114,0,110,0
105,0,97,0,97,0,97,0,97,0
95,0,109,0,114,0,121,0,109,0
97,0,105,0,114,0,0,0,105,0
114,0,99,0,97,0,46,0,99,0
114,0,0,0,121,0,100,0,0,0
97,0,46,0,0,0,121,0,46,0
121,0,103,0,46,0,110,0,103,0
0,0,111,0,100,0,97,0,111,0
46,0,116,0,121,0,109,0,116,0
100,0,0,0,110,0,105,0,0,0
121,0,46,0,97,0,99,0,46,0
110,0,103,0,109,0,0,0,103,0
97,0,111,0,105,0,46,0,111,0
109,0,116,0,99,0,103,0,116,0
105,0,46,0,0,0,111,0,46,0
99,0,112,0,46,0,116,0,112,0
0,0,108,0,103,0,0,0,108,0
46,0,116,0,111,0,46,0,116,0
103,0,0,0,116,0,103,0,0,0
111,0,46,0,0,0,111,0,46,0
116,0,100,0,46,0,116,0,100,0
0,0,97,0,103,0,46,0,97,0
46,0,116,0,111,0,112,0,116,0
103,0,97,0,116,0,108,0,97,0
111,0,0,0,46,0,116,0,0,0
116,0,46,0,112,0,0,0,46,0
46,0,98,0,108,0,46,0,98,0
112,0,115,0,116,0,100,0,115,0
108,0,115,0,0,0,97,0,115,0
116,0,0,0,46,0,116,0,0,0
0,0,46,0,100,0,97,0,46,0
46,0,99,0,97,0,0,0,99,0
100,0,111,0,116,0,46,0,111,0
97,0,109,0,97,0,98,0,109,0
116,0,109,0,0,0,115,0,109,0
97,0,101,0,46,0,115,0,101,0
0,0,110,0,98,0,0,0,110,0
46,0,116,0,115,0,46,0,116,0
98,0,0,0,115,0,99,0,0,0
115,0,27,0,0,0,111,0,27,0
115,0,0,0,46,0,109,0,0,0
0,0,1,0,99,0,109,0,1,0
46,0,0,0,111,0,101,0,0,0
99,0,2,0,109,0,110,0,2,0
111,0,0,0,109,0,116,0,0,0
109,0,24,0,101,0,0,0,24,0
109,0,3,0,110,0,27,0,3,0
101,0,0,0,116,0,0,0,0,0
110,0,24,0,0,0,1,0,24,0
116,0,3,0,27,0,0,0,3,0
0,0,0,0,0,0,2,0,0,0
27,0,28,0,1,0,0,0,28,0
0,0,0,0,0,0,24,0,0,0
1,0,1,0,2,0,3,0,1,0
0,0,0,0,0,0,0,0,0,0
2,0,35,0,24,0,24,0,35,0
0,0,0,0,3,0,3,0,0,0
24,0,7,0,0,0,0,0,7,0
3,0,0,0,24,0,28,0,0,0
0,0,2,0,3,0,0,0,2,0
24,0,0,0,0,0,1,0,0,0
3,0,56,0,28,0,0,0,56,0
0,0,3,0,0,0,35,0,3,0
28,0,0,0,1,0,0,0,0,0
0,0,56,0,0,0,7,0,56,0
1,0,3,0,35,0,0,0,3,0
0,0,0,0,0,0,2,0,0,0
35,0,64,0,7,0,0,0,64,0
0,0,0,0,0,0,56,0,0,0
7,0,8,0,2,0,3,0,8,0
0,0,0,0,0,0,0,0,0,0
2,0,54,0,56,0,56,0,54,0
0,0,0,0,3,0,3,0,0,0
56,0,7,0,0,0,0,0,7,0
3,0,0,0,56,0,64,0,0,0
0,0,2,0,3,0,0,0,2,0
56,0,0,0,0,0,8,0,0,0
3,0,120,0,64,0,0,0,120,0
0,0,3,0,0,0,54,0,3,0
64,0,0,0,8,0,0,0,0,0
0,0,120,0,0,0,7,0,120,0
8,0,3,0,54,0,0,0,3,0
0,0,0,0,0,0,2,0,0,0
54,0,36,0,7,0,0,0,36,0
0,0,0,0,0,0,120,0,0,0
7,0,4,0,2,0,3,0,4,0
0,0,0,0,0,0,0,0,0,0
2,0,73,0,120,0,120,0,73,0
0,0,0,0,3,0,3,0,0,0
120,0,7,0,0,0,0,0,7,0
3,0,0,0,120,0,36,0,0,0
0,0,2,0,3,0,0,0,2,0
120,0,0,0,0,0,4,0,0,0
3,0,156,0,36,0,0,0,156,0
0,0,3,0,0,0,73,0,3,0
36,0,0,0,4,0,0,0,0,0
0,0,156,0,0,0,7,0,156,0
4,0,3,0,73,0,0,0,3,0
0,0,0,0,0,0,2,0,0,0
73,0,32,0,7,0,0,0,32,0
0,0,0,0,0,0,156,0,0,0
7,0,4,0,2,0,3,0,4,0
0,0,0,0,0,0,0,0,0,0
2,0,87,0,156,0,156,0,87,0
0,0,0,0,3,0,3,0,0,0
156,0,246,0,0,0,0,0,246,0
3,0,255,0,156,0,32,0,255,0
0,0,255,0,3,0,0,0,255,0
156,0,111,0,0,0,4,0,111,0
3,0,2,0,32,0,0,0,2,0
0,0,0,0,0,0,87,0,0,0
32,0,192,0,4,0,0,0,192,0
0,0,3,0,0,0,246,0,3,0
4,0,0,0,87,0,255,0,0,0
0,0,192,0,0,0,255,0,192,0
87,0,3,0,246,0,111,0,3,0
0,0,0,0,255,0,2,0,0,0
246,0,28,0,255,0,0,0,28,0
255,0,0,0,111,0,192,0,0,0
255,0,6,0,2,0,3,0,6,0
111,0,0,0,0,0,0,0,0,0
2,0,8,0,192,0,192,0,8,0
0,0,0,0,3,0,3,0,0,0
192,0,97,0,0,0,0,0,97,0
3,0,0,0,192,0,28,0,0,0
0,0,11,0,3,0,0,0,11,0
192,0,0,0,0,0,6,0,0,0
3,0,2,0,28,0,0,0,2,0
0,0,0,0,0,0,8,0,0,0
28,0,224,0,6,0,0,0,224,0
0,0,3,0,0,0,97,0,3,0
6,0,0,0,8,0,0,0,0,0
0,0,224,0,0,0,11,0,224,0
8,0,3,0,97,0,0,0,3,0
0,0,0,0,0,0,2,0,0,0
97,0,144,0,11,0,0,0,144,0
0,0,0,0,0,0,224,0,0,0
11,0,7,0,2,0,3,0,7,0
0,0,0,0,0,0,0,0,0,0
2,0,1,0,224,0,224,0,1,0
0,0,0,0,3,0,3,0,0,0
224,0,8,0,0,0,0,0,8,0
3,0,0,0,224,0,144,0,0,0
0,0,24,0,3,0,0,0,24,0
224,0,0,0,0,0,7,0,0,0
3,0,105,0,144,0,0,0,105,0
0,0,0,0,0,0,1,0,0,0
144,0,3,0,7,0,0,0,3,0
0,0,0,0,0,0,8,0,0,0
7,0,2,0,1,0,0,0,2,0
0,0,0,0,0,0,24,0,0,0
1,0,112,0,8,0,0,0,112,0
0,0,4,0,0,0,105,0,4,0
8,0,0,0,24,0,0,0,0,0
0,0,112,0,0,0,3,0,112,0
24,0,4,0,105,0,0,0,4,0
0,0,0,0,0,0,2,0,0,0
105,0,136,0,3,0,0,0,136,0
0,0,0,0,0,0,112,0,0,0
3,0,1,0,2,0,4,0,1,0
0,0,0,0,0,0,0,0,0,0
2,0,113,0,112,0,112,0,113,0
0,0,0,0,4,0,4,0,0,0
112,0,255,0,0,0,0,0,255,0
4,0,255,0,112,0,136,0,255,0
0,0,255,0,4,0,0,0,255,0
112,0,111,0,0,0,1,0,111,0
4,0,2,0,136,0,0,0,2,0
0,0,0,0,0,0,113,0,0,0
136,0,248,0,1,0,0,0,248,0
0,0,4,0,0,0,255,0,4,0
1,0,0,0,113,0,255,0,0,0
0,0,248,0,0,0,255,0,248,0
113,0,4,0,255,0,111,0,4,0
0,0,0,0,255,0,2,0,0,0
255,0,12,0,255,0,0,0,12,0
255,0,0,0,111,0,248,0,0,0
255,0,6,0,2,0,4,0,6,0
111,0,0,0,0,0,0,0,0,0
2,0,2,0,248,0,248,0,2,0
0,0,0,0,4,0,4,0,0,0
248,0,2,0,0,0,0,0,2,0
4,0,0,0,248,0,12,0,0,0
0,0,126,0,4,0,0,0,126,0
248,0,0,0,0,0,6,0,0,0
4,0,254,0,12,0,0,0,254,0
0,0,255,0,0,0,2,0,255,0
12,0,255,0,6,0,0,0,255,0
0,0,111,0,0,0,2,0,111,0
6,0,2,0,2,0,0,0,2,0
0,0,0,0,0,0,126,0,0,0
2,0,8,0,2,0,0,0,8,0
0,0,5,0,0,0,254,0,5,0
2,0,0,0,126,0,255,0,0,0
0,0,8,0,0,0,255,0,8,0
126,0,5,0,254,0,111,0,5,0
0,0,0,0,255,0,2,0,0,0
254,0,48,0,255,0,0,0,48,0
255,0,0,0,111,0,8,0,0,0
255,0,7,0,2,0,5,0,7,0
111,0,0,0,0,0,0,0,0,0
2,0,1,0,8,0,8,0,1,0
0,0,0,0,5,0,5,0,0,0
8,0,8,0,0,0,0,0,8,0
5,0,0,0,8,0,48,0,0,0
0,0,141,0,5,0,0,0,141,0
8,0,0,0,0,0,7,0,0,0
5,0,4,0,48,0,0,0,4,0
0,0,0,0,0,0,1,0,0,0
48,0,2,0,7,0,0,0,2,0
0,0,0,0,0,0,8,0,0,0
7,0,56,0,1,0,0,0,56,0
0,0,5,0,0,0,141,0,5,0
1,0,0,0,8,0,0,0,0,0
0,0,56,0,0,0,4,0,56,0
8,0,5,0,141,0,0,0,5,0
0,0,0,0,0,0,2,0,0,0
141,0,192,0,4,0,0,0,192,0
0,0,0,0,0,0,56,0,0,0
4,0,6,0,2,0,5,0,6,0
0,0,0,0,0,0,0,0,0,0
2,0,8,0,56,0,56,0,8,0
0,0,0,0,5,0,5,0,0,0
56,0,24,0,0,0,0,0,24,0
5,0,0,0,56,0,192,0,0,0
0,0,151,0,5,0,0,0,151,0
56,0,0,0,0,0,6,0,0,0
5,0,1,0,192,0,0,0,1,0
0,0,0,0,0,0,8,0,0,0
192,0,6,0,6,0,0,0,6,0
0,0,0,0,0,0,24,0,0,0
6,0,16,0,8,0,0,0,16,0
0,0,0,0,0,0,151,0,0,0
8,0,16,0,24,0,0,0,16,0
0,0,0,0,0,0,1,0,0,0
24,0,27,0,151,0,0,0,27,0
0,0,0,0,0,0,6,0,0,0
151,0,4,0,1,0,0,0,4,0
0,0,0,0,0,0,16,0,0,0
1,0,157,0,6,0,0,0,157,0
0,0,0,0,0,0,16,0,0,0
6,0,1,0,16,0,0,0,1,0
0,0,0,0,0,0,27,0,0,0
16,0,6,0,16,0,0,0,6,0
0,0,0,0,0,0,4,0,0,0
16,0,32,0,27,0,0,0,32,0
0,0,16,0,0,0,157,0,16,0
27,0,0,0,4,0,0,0,0,0
0,0,32,0,0,0,1,0,32,0
4,0,16,0,157,0,0,0,16,0
0,0,0,0,0,0,6,0,0,0
157,0,4,0,1,0,0,0,4,0
0,0,1,0,0,0,32,0,1,0
1,0,0,0,6,0,16,0,0,0
0,0,16,0,0,0,0,0,16,0
6,0,0,0,32,0,32,0,0,0
0,0,163,0,16,0,16,0,163,0
32,0,0,0,0,0,0,0,0,0
16,0,1,0,32,0,9,0,1,0
0,0,0,0,16,0,1,0,0,0
32,0,6,0,0,0,0,0,6,0
16,0,0,0,16,0,16,0,0,0
0,0,36,0,1,0,0,0,36,0
16,0,17,0,0,0,163,0,17,0
1,0,0,0,16,0,0,0,0,0
0,0,36,0,0,0,1,0,36,0
16,0,17,0,163,0,0,0,17,0
0,0,0,0,0,0,6,0,0,0
163,0,13,0,1,0,0,0,13,0
0,0,0,0,0,0,44,0,0,0
1,0,4,0,6,0,17,0,4,0
0,0,0,0,0,0,0,0,0,0
6,0,169,0,48,0,44,0,169,0
0,0,0,0,17,0,17,0,0,0
48,0,1,0,0,0,0,0,1,0
17,0,0,0,48,0,13,0,0,0
0,0,18,0,17,0,0,0,18,0
48,0,0,0,0,0,4,0,0,0
17,0,32,0,13,0,0,0,32,0
0,0,0,0,0,0,169,0,0,0
13,0,32,0,4,0,0,0,32,0
0,0,0,0,0,0,1,0,0,0
4,0,4,0,169,0,0,0,4,0
0,0,0,0,0,0,18,0,0,0
169,0,4,0,1,0,0,0,4,0
0,0,0,0,0,0,32,0,0,0
1,0,4,0,18,0,0,0,4,0
0,0,0,0,0,0,32,0,0,0
18,0,177,0,32,0,0,0,177,0
0,0,0,0,0,0,4,0,0,0
32,0,1,0,32,0,0,0,1,0
0,0,0,0,0,0,4,0,0,0
32,0,2,0,4,0,0,0,2,0
0,0,0,0,0,0,4,0,0,0
4,0,4,0,4,0,0,0,4,0
0,0,32,0,0,0,177,0,32,0
4,0,0,0,4,0,0,0,0,0
0,0,4,0,0,0,1,0,4,0
4,0,32,0,177,0,0,0,32,0
0,0,0,0,0,0,2,0,0,0
177,0,28,0,1,0,0,0,28,0
0,0,0,0,0,0,4,0,0,0
1,0,4,0,2,0,32,0,4,0
0,0,0,0,0,0,0,0,0,0
2,0,191,0,4,0,4,0,191,0
0,0,0,0,32,0,32,0,0,0
4,0,1,0,0,0,0,0,1,0
32,0,0,0,4,0,28,0,0,0
0,0,2,0,32,0,0,0,2,0
4,0,0,0,0,0,4,0,0,0
32,0,32,0,28,0,0,0,32,0
0,0,32,0,0,0,191,0,32,0
28,0,0,0,4,0,0,0,0,0
0,0,32,0,0,0,1,0,32,0
4,0,32,0,191,0,0,0,32,0
0,0,0,0,0,0,2,0,0,0
191,0,84,0,1,0,0,0,84,0
0,0,0,0,0,0,32,0,0,0
1,0,8,0,2,0,32,0,8,0
0,0,0,0,0,0,0,0,0,0
2,0,201,0,32,0,32,0,201,0
0,0,0,0,32,0,32,0,0,0
32,0,14,0,0,0,0,0,14,0
32,0,0,0,32,0,84,0,0,0
0,0,3,0,32,0,0,0,3,0
32,0,0,0,0,0,8,0,0,0
32,0,16,0,84,0,0,0,16,0
0,0,62,0,0,0,201,0,62,0
84,0,0,0,8,0,0,0,0,0
0,0,16,0,0,0,14,0,16,0
8,0,46,0,201,0,0,0,46,0
0,0,0,0,0,0,3,0,0,0
201,0,8,0,14,0,0,0,8,0
0,0,0,0,0,0,16,0,0,0
14,0,8,0,3,0,62,0,8,0
0,0,0,0,0,0,0,0,0,0
3,0,8,0,16,0,16,0,8,0
0,0,0,0,62,0,46,0,0,0
16,0,213,0,0,0,0,0,213,0
62,0,0,0,16,0,8,0,0,0
0,0,15,0,46,0,0,0,15,0
16,0,0,0,0,0,8,0,0,0
46,0,3,0,8,0,0,0,3,0
0,0,0,0,0,0,8,0,0,0
8,0,24,0,8,0,0,0,24,0
0,0,62,0,0,0,213,0,62,0
8,0,0,0,8,0,0,0,0,0
0,0,24,0,0,0,15,0,24,0
8,0,46,0,213,0,0,0,46,0
0,0,0,0,0,0,3,0,0,0
213,0,8,0,15,0,0,0,8,0
0,0,0,0,0,0,24,0,0,0
15,0,8,0,3,0,62,0,8,0
0,0,0,0,0,0,0,0,0,0
3,0,8,0,24,0,24,0,8,0
0,0,0,0,62,0,46,0,0,0
24,0,225,0,0,0,0,0,225,0
62,0,0,0,24,0,8,0,0,0
0,0,6,0,46,0,0,0,6,0
24,0,0,0,0,0,8,0,0,0
46,0,3,0,8,0,0,0,3,0
0,0,0,0,0,0,8,0,0,0
8,0,32,0,8,0,0,0,32,0
0,0,62,0,0,0,225,0,62,0
8,0,0,0,8,0,0,0,0,0
0,0,32,0,0,0,6,0,32,0
8,0,46,0,225,0,0,0,46,0
0,0,0,0,0,0,3,0,0,0
225,0,160,0,6,0,0,0,160,0
0,0,1,0,0,0,32,0,1,0
6,0,0,0,3,0,62,0,0,0
0,0,7,0,0,0,0,0,7,0
3,0,0,0,32,0,32,0,0,0
0,0,8,0,62,0,46,0,8,0
32,0,0,0,0,0,0,0,0,0
62,0,16,0,32,0,160,0,16,0
0,0,0,0,46,0,1,0,0,0
32,0,234,0,0,0,0,0,234,0
46,0,0,0,160,0,7,0,0,0
0,0,1,0,1,0,0,0,1,0
160,0,0,0,0,0,8,0,0,0
1,0,3,0,7,0,0,0,3,0
0,0,0,0,0,0,16,0,0,0
7,0,192,0,8,0,0,0,192,0
0,0,63,0,0,0,234,0,63,0
8,0,0,0,16,0,0,0,0,0
0,0,192,0,0,0,1,0,192,0
16,0,47,0,234,0,0,0,47,0
0,0,0,0,0,0,3,0,0,0
234,0,40,0,1,0,0,0,40,0
0,0,0,0,0,0,192,0,0,0
1,0,8,0,3,0,63,0,8,0
0,0,0,0,0,0,0,0,0,0
3,0,8,0,192,0,192,0,8,0
0,0,0,0,63,0,47,0,0,0
192,0,239,0,0,0,0,0,239,0
63,0,0,0,192,0,40,0,0,0
0,0,1,0,47,0,0,0,1,0
192,0,0,0,0,0,8,0,0,0
47,0,3,0,40,0,0,0,3,0
0,0,0,0,0,0,8,0,0,0
40,0,232,0,8,0,0,0,232,0
0,0,63,0,0,0,239,0,63,0
8,0,0,0,8,0,0,0,0,0
0,0,232,0,0,0,1,0,232,0
8,0,47,0,239,0,0,0,47,0
0,0,0,0,0,0,3,0,0,0
239,0,24,0,1,0,0,0,24,0
0,0,0,0,0,0,232,0,0,0
1,0,8,0,3,0,63,0,8,0
0,0,0,0,0,0,0,0,0,0
3,0,8,0,232,0,232,0,8,0
0,0,0,0,63,0,47,0,0,0
232,0,248,0,0,0,0,0,248,0
63,0,0,0,232,0,24,0,0,0
0,0,1,0,47,0,0,0,1,0
232,0,0,0,0,0,8,0,0,0
47,0,3,0,24,0,0,0,3,0
0,0,0,0,0,0,8,0,0,0
24,0,64,0,8,0,0,0,64,0
0,0,0,0,0,0,248,0,0,0
8,0,48,0,8,0,0,0,48,0
0,0,0,0,0,0,1,0,0,0
8,0,16,0,248,0,0,0,16,0
0,0,0,0,0,0,3,0,0,0
248,0,8,0,1,0,0,0,8,0
0,0,0,0,0,0,64,0,0,0
1,0,254,0,3,0,0,0,254,0
0,0,0,0,0,0,48,0,0,0
3,0,8,0,64,0,0,0,8,0
0,0,0,0,0,0,16,0,0,0
64,0,3,0,48,0,0,0,3,0
0,0,0,0,0,0,8,0,0,0
48,0,16,0,16,0,0,0,16,0
0,0,64,0,0,0,254,0,64,0
16,0,0,0,8,0,0,0,0,0
0,0,16,0,0,0,8,0,16,0
8,0,48,0,254,0,0,0,48,0
0,0,0,0,0,0,3,0,0,0
254,0,8,0,8,0,0,0,8,0
0,0,0,0,0,0,16,0,0,0
8,0,1,0,3,0,64,0,1,0
0,0,0,0,0,0,0,0,0,0
3,0,3,0,16,0,16,0,3,0
0,0,1,0,64,0,48,0,1,0
16,0,0,0,0,0,0,0,0,0
64,0,1,0,16,0,8,0,1,0
0,0,0,0,48,0,0,0,0,0
16,0,48,0,0,0,1,0,48,0
48,0,0,0,8,0,0,0,0,0
0,0,16,0,0,0,3,0,16,0
8,0,48,0,1,0,1,0,48,0
0,0,0,0,0,0,0,0,0,0
1,0,27,0,3,0,1,0,27,0
0,0,0,0,1,0,0,0,0,0
3,0,1,0,0,0,48,0,1,0
1,0,0,0,1,0,0,0,0,0
0,0,1,0,0,0,16,0,1,0
1,0,0,0,48,0,48,0,0,0
0,0,1,0,0,0,0,0,1,0
48,0,0,0,16,0,27,0,0,0
0,0,2,0,48,0,0,0,2,0
16,0,0,0,0,0,1,0,0,0
48,0,48,0,27,0,0,0,48,0
0,0,48,0,0,0,1,0,48,0
27,0,0,0,1,0,0,0,0,0
0,0,40,0,0,0,1,0,40,0
1,0,2,0,1,0,0,0,2,0
0,0,0,0,0,0,2,0,0,0
1,0,26,0,1,0,0,0,26,0
0,0,0,0,0,0,48,0,0,0
1,0,6,0,2,0,48,0,6,0
0,0,0,0,0,0,0,0,0,0
2,0,8,0,48,0,40,0,8,0
0,0,0,0,48,0,2,0,0,0
48,0,24,0,0,0,0,0,24,0
48,0,0,0,40,0,26,0,0,0
0,0,9,0,2,0,0,0,9,0
40,0,0,0,0,0,6,0,0,0
2,0,3,0,26,0,0,0,3,0
0,0,0,0,0,0,8,0,0,0
26,0,88,0,6,0,0,0,88,0
0,0,50,0,0,0,24,0,50,0
6,0,0,0,8,0,0,0,0,0
0,0,18,0,0,0,9,0,18,0
8,0,1,0,24,0,0,0,1,0
0,0,0,0,0,0,3,0,0,0
24,0,1,0,9,0,0,0,1,0
0,0,0,0,0,0,88,0,0,0
9,0,17,0,3,0,50,0,17,0
0,0,0,0,0,0,0,0,0,0
3,0,3,0,88,0,18,0,3,0
0,0,0,0,50,0,1,0,0,0
88,0,106,0,0,0,0,0,106,0
50,0,51,0,18,0,1,0,51,0
0,0,0,0,1,0,0,0,0,0
18,0,12,0,0,0,17,0,12,0
1,0,1,0,1,0,0,0,1,0
0,0,0,0,0,0,3,0,0,0
1,0,1,0,17,0,0,0,1,0
0,0,0,0,0,0,106,0,0,0
17,0,0,0,3,0,51,0,0,0
0,0,0,0,0,0,0,0,0,0
3,0,0,0,106,0,12,0,0,0
0,0,0,0,51,0,1,0,0,0
106,0,0,0,0,0,0,0,0,0
51,0,0,0,12,0,1,0,0,0
0,0,0,0,1,0,0,0,0,0
12,0,0,0,0,0,0,0,0,0
1,0,0,0,1,0,0,0,0,0
0,0,0,0,0,0,0,0,0,0
1,0,0,0,0,0,0,0,0,0
0,0,0,0,0,0,0,0,0,0
